Gmt time,Open,High,Low,Close,Volume
01.09.2015 00:00:00.000,1.53626,1.54090,1.53007,1.53022,150035.5781
02.09.2015 00:00:00.000,1.53026,1.53264,1.52649,1.53058,151037.0156
03.09.2015 00:00:00.000,1.53058,1.53140,1.52196,1.52588,130218.9688
04.09.2015 00:00:00.000,1.52589,1.52795,1.51648,1.51742,110809.3672
06.09.2015 00:00:00.000,1.51828,1.52035,1.51775,1.51966,7769.0298
07.09.2015 00:00:00.000,1.51963,1.52892,1.51722,1.52756,134230.5156
08.09.2015 00:00:00.000,1.52756,1.54132,1.52733,1.53966,136138.9531
09.09.2015 00:00:00.000,1.53966,1.54053,1.53501,1.53574,139730.125
10.09.2015 00:00:00.000,1.53574,1.54763,1.53396,1.54410,153878.3125
11.09.2015 00:00:00.000,1.54411,1.54625,1.54007,1.54325,110007.6172
13.09.2015 00:00:00.000,1.54338,1.54478,1.54293,1.54461,4074.6101
14.09.2015 00:00:00.000,1.54461,1.54716,1.53732,1.54268,110213.7266
15.09.2015 00:00:00.000,1.54269,1.54583,1.53300,1.53439,105463.4375
16.09.2015 00:00:00.000,1.53440,1.55290,1.53307,1.55129,131931.0625
17.09.2015 00:00:00.000,1.55129,1.56292,1.54866,1.55672,139673.9375
18.09.2015 00:00:00.000,1.55670,1.56589,1.55152,1.55356,136605.5469
20.09.2015 00:00:00.000,1.55278,1.55354,1.55163,1.55280,6328.7402
21.09.2015 00:00:00.000,1.55273,1.55682,1.54815,1.55072,112668.9766
22.09.2015 00:00:00.000,1.55072,1.55299,1.53411,1.53526,118632.7813
23.09.2015 00:00:00.000,1.53529,1.53649,1.52214,1.52494,134015.7188
24.09.2015 00:00:00.000,1.52493,1.52897,1.52012,1.52308,154446.6875
25.09.2015 00:00:00.000,1.52304,1.52612,1.51363,1.51848,123296.1328
27.09.2015 00:00:00.000,1.52084,1.52136,1.51912,1.52030,5199.6602
28.09.2015 00:00:00.000,1.52028,1.52420,1.51582,1.51627,127677.3281
29.09.2015 00:00:00.000,1.51627,1.52057,1.51293,1.51550,149781.875
30.09.2015 00:00:00.000,1.51550,1.52143,1.51083,1.51220,144209.7969
01.10.2015 00:00:00.000,1.51219,1.51810,1.51078,1.51384,125861.4766
02.10.2015 00:00:00.000,1.51385,1.52380,1.51362,1.51909,136384.0781
04.10.2015 00:00:00.000,1.51999,1.51999,1.51704,1.51863,9657.04
05.10.2015 00:00:00.000,1.51863,1.52449,1.51378,1.51535,135772.7344
06.10.2015 00:00:00.000,1.51538,1.52439,1.51405,1.52267,110436.2969
07.10.2015 00:00:00.000,1.52270,1.53401,1.52252,1.53157,140473.25
08.10.2015 00:00:00.000,1.53157,1.53728,1.52619,1.53503,146166.4219
09.10.2015 00:00:00.000,1.53505,1.53840,1.53005,1.53159,129630.6406
11.10.2015 00:00:00.000,1.53261,1.53286,1.53156,1.53210,7622.8999
12.10.2015 00:00:00.000,1.53210,1.53738,1.53163,1.53362,107865.1172
13.10.2015 00:00:00.000,1.53363,1.53881,1.52011,1.52554,152123.2813
14.10.2015 00:00:00.000,1.52554,1.54953,1.52547,1.54776,150033.4688
15.10.2015 00:00:00.000,1.54777,1.55093,1.54153,1.54708,149120.9063
16.10.2015 00:00:00.000,1.54708,1.54871,1.54311,1.54432,115584.2969
18.10.2015 00:00:00.000,1.54519,1.54521,1.54353,1.54354,5420.1099
19.10.2015 00:00:00.000,1.54355,1.54971,1.54285,1.54710,108379.3594
20.10.2015 00:00:00.000,1.54711,1.55066,1.54361,1.54466,109425.1016
21.10.2015 00:00:00.000,1.54463,1.54779,1.54128,1.54210,112964.5469
22.10.2015 00:00:00.000,1.54209,1.55109,1.53697,1.53846,152838.7188
23.10.2015 00:00:00.000,1.53848,1.54196,1.53071,1.53177,128708.5391
25.10.2015 00:00:00.000,1.53234,1.53251,1.53071,1.53147,6721.9902
26.10.2015 00:00:00.000,1.53149,1.53819,1.53106,1.53539,108020.3125
27.10.2015 00:00:00.000,1.53539,1.53596,1.52832,1.53115,109589.8672
28.10.2015 00:00:00.000,1.53117,1.53477,1.52491,1.52702,122893.5078
29.10.2015 00:00:00.000,1.52700,1.53253,1.52431,1.53213,134244.3438
30.10.2015 00:00:00.000,1.53212,1.54685,1.53099,1.54307,144593.5156
01.11.2015 00:00:00.000,1.54579,1.54580,1.54281,1.54401,5474.0898
02.11.2015 00:00:00.000,1.54401,1.54979,1.54051,1.54226,111983.7109
03.11.2015 00:00:00.000,1.54225,1.54460,1.53603,1.54192,111119.1172
04.11.2015 00:00:00.000,1.54192,1.54455,1.53614,1.53881,118757.2969
05.11.2015 00:00:00.000,1.53880,1.54022,1.52059,1.52100,136237.6719
06.11.2015 00:00:00.000,1.52101,1.52200,1.50275,1.50552,139932.0469
08.11.2015 00:00:00.000,1.50562,1.50586,1.50436,1.50536,5379.0601
09.11.2015 00:00:00.000,1.50537,1.51289,1.50501,1.51195,112179.3516
10.11.2015 00:00:00.000,1.51197,1.51460,1.50922,1.51366,106897.6719
11.11.2015 00:00:00.000,1.51364,1.52300,1.51306,1.52231,113870.4688
12.11.2015 00:00:00.000,1.52231,1.52474,1.51744,1.52324,131016.1797
13.11.2015 00:00:00.000,1.52326,1.52649,1.51881,1.52444,106513.2266
15.11.2015 00:00:00.000,1.52367,1.52373,1.52118,1.52192,7115.71
16.11.2015 00:00:00.000,1.52194,1.52283,1.51821,1.52010,110210.1797
17.11.2015 00:00:00.000,1.52014,1.52391,1.51550,1.52168,112109.4531
18.11.2015 00:00:00.000,1.52168,1.52494,1.51885,1.52396,119579.5938
19.11.2015 00:00:00.000,1.52397,1.53360,1.52397,1.52866,137718
20.11.2015 00:00:00.000,1.52866,1.53102,1.51839,1.51939,114892.8203
22.11.2015 00:00:00.000,1.51930,1.51969,1.51837,1.51893,4246.6499
23.11.2015 00:00:00.000,1.51893,1.51914,1.51094,1.51265,128362.9297
24.11.2015 00:00:00.000,1.51263,1.51564,1.50542,1.50800,117649.5234
25.11.2015 00:00:00.000,1.50800,1.51367,1.50563,1.51238,124405.8516
26.11.2015 00:00:00.000,1.51236,1.51311,1.50667,1.51022,104500.2969
27.11.2015 00:00:00.000,1.51023,1.51105,1.50308,1.50378,110314.6094
29.11.2015 00:00:00.000,1.50388,1.50438,1.50335,1.50379,3763
30.11.2015 00:00:00.000,1.50379,1.50689,1.49940,1.50573,110198.6797
01.12.2015 00:00:00.000,1.50568,1.51261,1.50512,1.50770,132733.6719
02.12.2015 00:00:00.000,1.50772,1.50812,1.48961,1.49478,144196.3594
03.12.2015 00:00:00.000,1.49478,1.51600,1.49047,1.51339,204674.9688
04.12.2015 00:00:00.000,1.51339,1.51596,1.50785,1.51179,180915.0469
06.12.2015 00:00:00.000,1.51132,1.51166,1.51025,1.51108,6351.3101
07.12.2015 00:00:00.000,1.51105,1.51152,1.50448,1.50491,153972.4531
08.12.2015 00:00:00.000,1.50491,1.50619,1.49571,1.50095,163814.6719
09.12.2015 00:00:00.000,1.50096,1.51923,1.50052,1.51805,175339.6563
10.12.2015 00:00:00.000,1.51805,1.52025,1.51116,1.51610,139094.5938
11.12.2015 00:00:00.000,1.51610,1.52405,1.51259,1.52213,128981.6719
13.12.2015 00:00:00.000,1.52342,1.52347,1.51807,1.51965,4501.1802
14.12.2015 00:00:00.000,1.51968,1.52061,1.51081,1.51581,166793.8125
15.12.2015 00:00:00.000,1.51581,1.51849,1.50300,1.50455,171345.7656
16.12.2015 00:00:00.000,1.50453,1.50997,1.49607,1.49761,183756.375
17.12.2015 00:00:00.000,1.49760,1.50094,1.48655,1.49296,160904.875
18.12.2015 00:00:00.000,1.49295,1.49505,1.48863,1.48947,152663.3438
20.12.2015 00:00:00.000,1.49086,1.49163,1.48920,1.49083,4472.6099
21.12.2015 00:00:00.000,1.49086,1.49300,1.48778,1.48941,136465.8125
22.12.2015 00:00:00.000,1.48939,1.49086,1.48063,1.48217,113151.6406
23.12.2015 00:00:00.000,1.48222,1.49010,1.48221,1.48754,116039.9531
24.12.2015 00:00:00.000,1.48753,1.49454,1.48700,1.49350,82391.2266
25.12.2015 00:00:00.000,1.49343,1.49461,1.49222,1.49454,3462.03
27.12.2015 00:00:00.000,1.49168,1.49364,1.49164,1.49257,4703.5
28.12.2015 00:00:00.000,1.49257,1.49321,1.48748,1.48922,84962.5469
29.12.2015 00:00:00.000,1.48922,1.49143,1.47862,1.48222,103860.5313
30.12.2015 00:00:00.000,1.48222,1.48493,1.47936,1.48191,116525.3594
31.12.2015 00:00:00.000,1.48191,1.48453,1.47269,1.47441,89817.6016
03.01.2016 00:00:00.000,1.47368,1.47483,1.47276,1.47366,3837.1599
04.01.2016 00:00:00.000,1.47366,1.48165,1.46638,1.47127,147845.2656
05.01.2016 00:00:00.000,1.47127,1.47264,1.46387,1.46746,145867.8125
06.01.2016 00:00:00.000,1.46745,1.46810,1.46025,1.46289,164707.9063
07.01.2016 00:00:00.000,1.46290,1.46415,1.45337,1.46232,176417.7969
08.01.2016 00:00:00.000,1.46232,1.46458,1.45068,1.45237,155625.0625
10.01.2016 00:00:00.000,1.45329,1.45604,1.44953,1.45257,8833.2598
11.01.2016 00:00:00.000,1.45257,1.46044,1.45121,1.45440,166502.2969
12.01.2016 00:00:00.000,1.45440,1.45611,1.43527,1.44361,173879.4531
13.01.2016 00:00:00.000,1.44363,1.44769,1.43806,1.44110,169241.2969
14.01.2016 00:00:00.000,1.44114,1.44455,1.43607,1.44245,178728.125
15.01.2016 00:00:00.000,1.44246,1.44283,1.42523,1.42635,170122.4844
17.01.2016 00:00:00.000,1.42640,1.42770,1.42533,1.42737,6530.1602
18.01.2016 00:00:00.000,1.42737,1.43239,1.42380,1.42526,139754.1719
19.01.2016 00:00:00.000,1.42526,1.43409,1.41298,1.41800,172315.2813
20.01.2016 00:00:00.000,1.41797,1.42196,1.41260,1.41989,188082.4531
21.01.2016 00:00:00.000,1.41989,1.42497,1.40806,1.42266,187973.0469
22.01.2016 00:00:00.000,1.42266,1.43634,1.42055,1.42702,162482.6563
24.01.2016 00:00:00.000,1.42710,1.42753,1.42543,1.42546,4969.8501
25.01.2016 00:00:00.000,1.42546,1.43107,1.42241,1.42410,148239.2656
26.01.2016 00:00:00.000,1.42408,1.43678,1.41741,1.43427,158774.4688
27.01.2016 00:00:00.000,1.43426,1.43554,1.42304,1.42448,164950.2969
28.01.2016 00:00:00.000,1.42449,1.44081,1.42398,1.43595,170496.8438
29.01.2016 00:00:00.000,1.43595,1.44140,1.41501,1.42455,174668.8906
31.01.2016 00:00:00.000,1.42543,1.42553,1.42297,1.42451,6431.7798
01.02.2016 00:00:00.000,1.42452,1.44453,1.42364,1.44252,164106.7188
02.02.2016 00:00:00.000,1.44254,1.44464,1.43271,1.44073,169083.2656
03.02.2016 00:00:00.000,1.44075,1.46499,1.43844,1.45858,196043.75
04.02.2016 00:00:00.000,1.45858,1.46686,1.45303,1.45796,193681.5625
05.02.2016 00:00:00.000,1.45796,1.45953,1.44529,1.45037,165752.6094
07.02.2016 00:00:00.000,1.44904,1.45111,1.44896,1.45099,5449.9302
08.02.2016 00:00:00.000,1.45098,1.45474,1.43521,1.44347,196789.5156
09.02.2016 00:00:00.000,1.44346,1.45157,1.43788,1.44620,216397.9063
10.02.2016 00:00:00.000,1.44620,1.45790,1.44464,1.45232,197769.7969
11.02.2016 00:00:00.000,1.45231,1.45650,1.43837,1.44798,222178.4688
12.02.2016 00:00:00.000,1.44801,1.45710,1.44438,1.45145,172842.4531
14.02.2016 00:00:00.000,1.45050,1.45217,1.44895,1.45204,9192.3799
15.02.2016 00:00:00.000,1.45204,1.45364,1.44139,1.44548,142332.5313
16.02.2016 00:00:00.000,1.44548,1.45167,1.42769,1.43035,164103.625
17.02.2016 00:00:00.000,1.43035,1.43398,1.42359,1.42827,176395.7656
18.02.2016 00:00:00.000,1.42827,1.43951,1.42580,1.43301,165431.5
19.02.2016 00:00:00.000,1.43301,1.44104,1.42478,1.44032,163502.1563
21.02.2016 00:00:00.000,1.42697,1.43091,1.42600,1.42640,11509.96
22.02.2016 00:00:00.000,1.42640,1.42988,1.40581,1.41498,185041.2813
23.02.2016 00:00:00.000,1.41498,1.41575,1.40063,1.40063,167104.2344
24.02.2016 00:00:00.000,1.40064,1.40178,1.38792,1.39300,192126.4844
25.02.2016 00:00:00.000,1.39300,1.39970,1.39009,1.39684,166155.0156
26.02.2016 00:00:00.000,1.39682,1.40433,1.38545,1.38738,166115.4219
28.02.2016 00:00:00.000,1.38612,1.38696,1.38584,1.38628,8337.04
29.02.2016 00:00:00.000,1.38627,1.39470,1.38365,1.39282,175927.1563
01.03.2016 00:00:00.000,1.39282,1.40195,1.39049,1.39607,198458.0156
02.03.2016 00:00:00.000,1.39607,1.40940,1.39151,1.40792,191354.875
03.03.2016 00:00:00.000,1.40793,1.41950,1.40335,1.41724,190138.6875
04.03.2016 00:00:00.000,1.41724,1.42490,1.41087,1.42315,186617.2969
06.03.2016 00:00:00.000,1.42200,1.42277,1.42111,1.42112,6869.21
07.03.2016 00:00:00.000,1.42111,1.42840,1.41344,1.42608,157926.7969
08.03.2016 00:00:00.000,1.42610,1.42761,1.41741,1.42065,158562.2031
09.03.2016 00:00:00.000,1.42064,1.42416,1.41781,1.42074,153705.2656
10.03.2016 00:00:00.000,1.42073,1.43177,1.41189,1.42855,210213.8281
11.03.2016 00:00:00.000,1.42855,1.44372,1.42549,1.43883,169607.2344
13.03.2016 00:00:00.000,1.43903,1.43903,1.43715,1.43797,10816.1504
14.03.2016 00:00:00.000,1.43798,1.43904,1.42734,1.42805,141397.5156
15.03.2016 00:00:00.000,1.42805,1.42848,1.41393,1.41566,163096.0469
16.03.2016 00:00:00.000,1.41566,1.42747,1.40536,1.42514,185235.9375
17.03.2016 00:00:00.000,1.42513,1.45037,1.42222,1.44748,183211.9219
18.03.2016 00:00:00.000,1.44746,1.45148,1.44108,1.44795,141879.8438
20.03.2016 00:00:00.000,1.44446,1.44740,1.44446,1.44625,7487.5098
21.03.2016 00:00:00.000,1.44627,1.44674,1.43659,1.43666,138973.2656
22.03.2016 00:00:00.000,1.43666,1.43984,1.41913,1.42238,163250.5469
23.03.2016 00:00:00.000,1.42238,1.42280,1.40826,1.41149,141812.4531
24.03.2016 00:00:00.000,1.41148,1.41836,1.40578,1.41367,133947.125
25.03.2016 00:00:00.000,1.41367,1.41596,1.41112,1.41447,49444.7617
27.03.2016 00:00:00.000,1.41340,1.41421,1.41247,1.41300,4827.8799
28.03.2016 00:00:00.000,1.41300,1.42843,1.41213,1.42603,84288.7188
29.03.2016 00:00:00.000,1.42603,1.44049,1.41957,1.43855,160847.5313
30.03.2016 00:00:00.000,1.43855,1.44597,1.43615,1.43728,168837.6563
31.03.2016 00:00:00.000,1.43728,1.44267,1.43268,1.43659,163808.7656
01.04.2016 00:00:00.000,1.43659,1.43722,1.41715,1.42328,165867.5313
03.04.2016 00:00:00.000,1.42243,1.42308,1.42176,1.42256,6124.3799
04.04.2016 00:00:00.000,1.42256,1.43223,1.41914,1.42633,140255.0625
05.04.2016 00:00:00.000,1.42631,1.42794,1.41224,1.41566,144589.7344
06.04.2016 00:00:00.000,1.41566,1.41723,1.40058,1.41325,165545.4219
07.04.2016 00:00:00.000,1.41324,1.41580,1.40483,1.40531,169391.5156
08.04.2016 00:00:00.000,1.40532,1.41418,1.40416,1.41249,132481.2656
10.04.2016 00:00:00.000,1.41173,1.41310,1.41080,1.41310,5747.98
11.04.2016 00:00:00.000,1.41309,1.42874,1.41078,1.42328,152974.6875
12.04.2016 00:00:00.000,1.42325,1.43488,1.41969,1.42667,163210.5
13.04.2016 00:00:00.000,1.42665,1.42799,1.41877,1.41896,148249.7656
14.04.2016 00:00:00.000,1.41899,1.41908,1.40912,1.41413,139286.3594
15.04.2016 00:00:00.000,1.41413,1.42423,1.41337,1.42061,111944.0391
17.04.2016 00:00:00.000,1.42067,1.42075,1.41712,1.41803,9100.96
18.04.2016 00:00:00.000,1.41799,1.42932,1.41322,1.42847,128539.5234
19.04.2016 00:00:00.000,1.42849,1.44193,1.42842,1.43872,142480.3438
20.04.2016 00:00:00.000,1.43872,1.44110,1.43309,1.43370,153741.9844
21.04.2016 00:00:00.000,1.43370,1.44403,1.43003,1.43236,157019.6563
22.04.2016 00:00:00.000,1.43238,1.44527,1.43192,1.44070,149172.5938
24.04.2016 00:00:00.000,1.44729,1.44736,1.44391,1.44449,10244.75
25.04.2016 00:00:00.000,1.44448,1.45201,1.44037,1.44873,159903.5156
26.04.2016 00:00:00.000,1.44868,1.46396,1.44856,1.45739,169768.1406
27.04.2016 00:00:00.000,1.45739,1.46227,1.44748,1.45396,180296.4531
28.04.2016 00:00:00.000,1.45396,1.46237,1.45246,1.46114,181662.8594
29.04.2016 00:00:00.000,1.46115,1.46713,1.45771,1.46146,187471.125
01.05.2016 00:00:00.000,1.45934,1.46086,1.45886,1.46043,6796.5498
02.05.2016 00:00:00.000,1.46042,1.46970,1.46010,1.46628,124542.7813
03.05.2016 00:00:00.000,1.46625,1.47702,1.45299,1.45486,188311.6875
04.05.2016 00:00:00.000,1.45490,1.45721,1.44622,1.45056,166179.1719
05.05.2016 00:00:00.000,1.45057,1.45299,1.44445,1.44914,144821.0938
06.05.2016 00:00:00.000,1.44914,1.45461,1.44157,1.44295,157001.9219
08.05.2016 00:00:00.000,1.44190,1.44360,1.44152,1.44264,6803.0801
09.05.2016 00:00:00.000,1.44262,1.44802,1.43753,1.44116,136440.5781
10.05.2016 00:00:00.000,1.44119,1.44784,1.43896,1.44507,147256.9531
11.05.2016 00:00:00.000,1.44507,1.44888,1.43955,1.44355,134120.6875
12.05.2016 00:00:00.000,1.44355,1.45307,1.44069,1.44445,137256.4844
13.05.2016 00:00:00.000,1.44445,1.44482,1.43408,1.43653,158032.6563
15.05.2016 00:00:00.000,1.43573,1.43621,1.43458,1.43516,5921.8198
16.05.2016 00:00:00.000,1.43515,1.44709,1.43331,1.44440,105322.6484
17.05.2016 00:00:00.000,1.44440,1.45249,1.44319,1.44565,129007.1875
18.05.2016 00:00:00.000,1.44571,1.46354,1.44036,1.45947,165660
19.05.2016 00:00:00.000,1.45947,1.46631,1.45622,1.45989,174860.125
20.05.2016 00:00:00.000,1.45990,1.46136,1.44864,1.45054,124215.1875
22.05.2016 00:00:00.000,1.45063,1.45092,1.44890,1.44900,4186.6401
23.05.2016 00:00:00.000,1.44901,1.45495,1.44430,1.44795,132591.5469
24.05.2016 00:00:00.000,1.44795,1.46429,1.44782,1.46139,155603.625
25.05.2016 00:00:00.000,1.46139,1.47299,1.46016,1.46963,149298.625
26.05.2016 00:00:00.000,1.46963,1.47402,1.46407,1.46659,156966.5469
27.05.2016 00:00:00.000,1.46661,1.46892,1.46054,1.46253,129537.3516
29.05.2016 00:00:00.000,1.46145,1.46288,1.46082,1.46239,6453.71
30.05.2016 00:00:00.000,1.46237,1.46435,1.45882,1.46340,71634.1406
31.05.2016 00:00:00.000,1.46340,1.47262,1.44657,1.44839,172942.3438
01.06.2016 00:00:00.000,1.44844,1.45078,1.43867,1.44201,166636.4219
02.06.2016 00:00:00.000,1.44200,1.44735,1.44033,1.44063,147373.8438
03.06.2016 00:00:00.000,1.44065,1.45826,1.43996,1.45223,139250.1875
05.06.2016 00:00:00.000,1.44769,1.44836,1.43539,1.43885,15410.4199
06.06.2016 00:00:00.000,1.43885,1.44744,1.43560,1.44579,170462.2031
07.06.2016 00:00:00.000,1.44579,1.46617,1.44532,1.45429,145433.4844
08.06.2016 00:00:00.000,1.45431,1.46007,1.45011,1.45145,135675.4688
09.06.2016 00:00:00.000,1.45145,1.45278,1.44474,1.44645,132106.0156
10.06.2016 00:00:00.000,1.44644,1.44736,1.41817,1.42618,132627.1563
12.06.2016 00:00:00.000,1.42697,1.42703,1.41595,1.41896,9363.7998
13.06.2016 00:00:00.000,1.41895,1.43297,1.41159,1.42058,173099.9219
14.06.2016 00:00:00.000,1.42058,1.42197,1.40914,1.41185,131282.6875
15.06.2016 00:00:00.000,1.41185,1.42191,1.41075,1.41950,127640.2266
16.06.2016 00:00:00.000,1.41953,1.42945,1.40130,1.42944,140789.2031
17.06.2016 00:00:00.000,1.42943,1.43889,1.42229,1.43661,144287.0781
19.06.2016 00:00:00.000,1.44749,1.46142,1.44355,1.45826,14053.4102
20.06.2016 00:00:00.000,1.45824,1.47216,1.45328,1.46736,169228.1875
21.06.2016 00:00:00.000,1.46723,1.47842,1.46174,1.46647,188347.0156
22.06.2016 00:00:00.000,1.46646,1.48474,1.46427,1.47898,184180.7031
23.06.2016 00:00:00.000,1.47900,1.50201,1.42942,1.45604,249357.1563
24.06.2016 00:00:00.000,1.45604,1.46533,1.32306,1.36934,320976.6875
26.06.2016 00:00:00.000,1.34352,1.34941,1.33669,1.34432,20318.9805
27.06.2016 00:00:00.000,1.34438,1.34754,1.31215,1.32271,235159.5156
28.06.2016 00:00:00.000,1.32270,1.34198,1.32205,1.33551,178141.6094
29.06.2016 00:00:00.000,1.33551,1.35344,1.32888,1.34535,205615.7969
30.06.2016 00:00:00.000,1.34535,1.34972,1.32075,1.33322,231128.0781
01.07.2016 00:00:00.000,1.33325,1.33503,1.32454,1.32812,156540.5781
03.07.2016 00:00:00.000,1.32513,1.32941,1.32504,1.32854,4385.2002
04.07.2016 00:00:00.000,1.32853,1.33414,1.32415,1.32804,116107.2891
05.07.2016 00:00:00.000,1.32804,1.32829,1.29512,1.29624,206539.8125
06.07.2016 00:00:00.000,1.29624,1.30164,1.27983,1.29191,258652.1563
07.07.2016 00:00:00.000,1.29193,1.30483,1.28796,1.29116,202423.9063
08.07.2016 00:00:00.000,1.29111,1.30197,1.29079,1.29593,184591.4063
10.07.2016 00:00:00.000,1.29538,1.29553,1.29346,1.29436,7279.0298
11.07.2016 00:00:00.000,1.29437,1.30194,1.28513,1.29849,197803.4063
12.07.2016 00:00:00.000,1.29841,1.32960,1.29773,1.32710,224751.9375
13.07.2016 00:00:00.000,1.32712,1.33385,1.31060,1.31202,239078.4531
14.07.2016 00:00:00.000,1.31205,1.34798,1.31079,1.33527,229530.3125
15.07.2016 00:00:00.000,1.33530,1.34816,1.31329,1.31924,179775.6563
17.07.2016 00:00:00.000,1.32002,1.32707,1.31915,1.32339,10196.1504
18.07.2016 00:00:00.000,1.32339,1.33156,1.32136,1.32659,158004.9375
19.07.2016 00:00:00.000,1.32662,1.32733,1.30746,1.31066,153291.6094
20.07.2016 00:00:00.000,1.31067,1.32760,1.30652,1.32459,483717.625
21.07.2016 00:00:00.000,1.32459,1.32697,1.31569,1.32367,541565.0625
22.07.2016 00:00:00.000,1.32365,1.32918,1.30793,1.31091,594244.25
24.07.2016 00:00:00.000,1.31532,1.31539,1.31176,1.31240,21973.9805
25.07.2016 00:00:00.000,1.31240,1.31655,1.30921,1.31056,418122.1563
26.07.2016 00:00:00.000,1.31056,1.31764,1.30581,1.31484,625982.25
27.07.2016 00:00:00.000,1.31486,1.32403,1.30728,1.32289,581862.1875
28.07.2016 00:00:00.000,1.32288,1.32495,1.31182,1.31631,561101.1875
29.07.2016 00:00:00.000,1.31633,1.33020,1.31529,1.32329,505606.4375
31.07.2016 00:00:00.000,1.32290,1.32475,1.32013,1.32174,15532.7197
01.08.2016 00:00:00.000,1.32175,1.32733,1.31627,1.31856,510169.6875
02.08.2016 00:00:00.000,1.31855,1.33657,1.31722,1.33375,507746.8438
03.08.2016 00:00:00.000,1.33375,1.33723,1.32819,1.33277,451590.1563
04.08.2016 00:00:00.000,1.33275,1.33464,1.31032,1.31285,560656.6875
05.08.2016 00:00:00.000,1.31284,1.31755,1.30221,1.30731,374009.0313
07.08.2016 00:00:00.000,1.30865,1.30871,1.30688,1.30753,9784.0898
08.08.2016 00:00:00.000,1.30752,1.30974,1.30283,1.30329,303126.0938
09.08.2016 00:00:00.000,1.30329,1.30329,1.29562,1.30131,307947.2188
10.08.2016 00:00:00.000,1.30131,1.30947,1.29913,1.30208,385631.25
11.08.2016 00:00:00.000,1.30208,1.30286,1.29363,1.29547,304716.0625
12.08.2016 00:00:00.000,1.29548,1.30352,1.29045,1.29239,299951.1563
14.08.2016 00:00:00.000,1.29337,1.29340,1.29012,1.29096,13781.9902
15.08.2016 00:00:00.000,1.29096,1.29456,1.28665,1.28812,249035.9219
16.08.2016 00:00:00.000,1.28810,1.30723,1.28798,1.30306,329934.5625
17.08.2016 00:00:00.000,1.30305,1.30865,1.29798,1.30453,319308.7813
18.08.2016 00:00:00.000,1.30453,1.31866,1.30421,1.31636,371227.4375
19.08.2016 00:00:00.000,1.31631,1.31636,1.30240,1.30803,351680.3125
21.08.2016 00:00:00.000,1.30625,1.30846,1.30548,1.30628,20682.0195
22.08.2016 00:00:00.000,1.30628,1.31576,1.30350,1.31338,364660.5625
23.08.2016 00:00:00.000,1.31337,1.32114,1.31293,1.31981,365898.2813
24.08.2016 00:00:00.000,1.31981,1.32735,1.31620,1.32375,344215.1875
25.08.2016 00:00:00.000,1.32375,1.32649,1.31694,1.31929,298821.625
26.08.2016 00:00:00.000,1.31927,1.32793,1.31223,1.31433,405761.3125
28.08.2016 00:00:00.000,1.31179,1.31403,1.31131,1.31268,13737.1904
29.08.2016 00:00:00.000,1.31267,1.31335,1.30603,1.31065,294815.8125
30.08.2016 00:00:00.000,1.31065,1.31203,1.30599,1.30911,370531.5938
31.08.2016 00:00:00.000,1.30911,1.31586,1.30667,1.31337,393776.2188
01.09.2016 00:00:00.000,1.31337,1.33183,1.31293,1.32758,394558.3438
02.09.2016 00:00:00.000,1.32756,1.33529,1.32531,1.32983,393618.2188
04.09.2016 00:00:00.000,1.33070,1.33097,1.32912,1.32949,14395.46
05.09.2016 00:00:00.000,1.32950,1.33762,1.32890,1.33110,368850.3438
06.09.2016 00:00:00.000,1.33111,1.34460,1.33029,1.34153,394965.6563
07.09.2016 00:00:00.000,1.34154,1.34253,1.33197,1.33387,396506.2813
08.09.2016 00:00:00.000,1.33387,1.33759,1.32842,1.33082,404380.875
09.09.2016 00:00:00.000,1.33082,1.33365,1.32401,1.32704,375332.8125
11.09.2016 00:00:00.000,1.32727,1.32756,1.32582,1.32729,13270.46
12.09.2016 00:00:00.000,1.32729,1.33483,1.32356,1.33366,444574.125
13.09.2016 00:00:00.000,1.33365,1.33391,1.31682,1.31933,580173.8125
14.09.2016 00:00:00.000,1.31933,1.32798,1.31389,1.32632,544625
15.09.2016 00:00:00.000,1.32630,1.32699,1.31799,1.32470,470523.375
16.09.2016 00:00:00.000,1.32470,1.32484,1.29978,1.30105,382599.625
18.09.2016 00:00:00.000,1.30094,1.30207,1.29991,1.30132,18578.1191
19.09.2016 00:00:00.000,1.30132,1.30918,1.30121,1.30408,483374.8125
20.09.2016 00:00:00.000,1.30406,1.30654,1.29473,1.29837,489198.1875
21.09.2016 00:00:00.000,1.29837,1.30473,1.29464,1.30330,554414.375
22.09.2016 00:00:00.000,1.30330,1.31214,1.30325,1.30833,641920.0625
23.09.2016 00:00:00.000,1.30833,1.30876,1.29155,1.29676,569308.375
25.09.2016 00:00:00.000,1.29731,1.29826,1.29573,1.29784,12619.46
26.09.2016 00:00:00.000,1.29784,1.29876,1.29168,1.29682,447462
27.09.2016 00:00:00.000,1.29681,1.30271,1.29374,1.30099,525041.0625
28.09.2016 00:00:00.000,1.30098,1.30588,1.29803,1.30374,585921.75
29.09.2016 00:00:00.000,1.30374,1.30552,1.29549,1.29663,498382.6875
30.09.2016 00:00:00.000,1.29663,1.30230,1.29373,1.29853,544463.625
02.10.2016 00:00:00.000,1.29238,1.29456,1.29213,1.29300,23725.4004
03.10.2016 00:00:00.000,1.29301,1.29470,1.28178,1.28599,433296.5
04.10.2016 00:00:00.000,1.28599,1.28614,1.27200,1.27303,560698.25
05.10.2016 00:00:00.000,1.27301,1.27720,1.26861,1.27533,534696.6875
06.10.2016 00:00:00.000,1.27533,1.27554,1.19496,1.23903,560732.6875
07.10.2016 00:00:00.000,1.23906,1.24836,1.22278,1.24429,531523.875
09.10.2016 00:00:00.000,1.24010,1.24413,1.24010,1.24359,19131.8594
10.10.2016 00:00:00.000,1.24359,1.24449,1.23389,1.23468,380140.2188
11.10.2016 00:00:00.000,1.23467,1.23523,1.20901,1.22732,529246.5625
12.10.2016 00:00:00.000,1.22732,1.23260,1.21669,1.21875,569742.75
13.10.2016 00:00:00.000,1.21876,1.22732,1.21335,1.22269,486494.625
14.10.2016 00:00:00.000,1.22269,1.22626,1.21684,1.21899,398593.375
16.10.2016 00:00:00.000,1.21581,1.21835,1.21527,1.21778,26334.4395
17.10.2016 00:00:00.000,1.21775,1.22305,1.21365,1.22199,406933.0938
18.10.2016 00:00:00.000,1.22199,1.23257,1.22180,1.23018,452960.625
19.10.2016 00:00:00.000,1.23018,1.23312,1.22548,1.22948,380606.7188
20.10.2016 00:00:00.000,1.22948,1.22987,1.22109,1.22567,353398.7813
21.10.2016 00:00:00.000,1.22566,1.22599,1.21720,1.22363,328956.5938
23.10.2016 00:00:00.000,1.22283,1.22285,1.22137,1.22190,17129.1094
24.10.2016 00:00:00.000,1.22190,1.22496,1.21865,1.22244,232268.6563
25.10.2016 00:00:00.000,1.22246,1.22437,1.20832,1.21771,145611.0469
26.10.2016 00:00:00.000,1.21772,1.22503,1.21574,1.22365,130544.2969
27.10.2016 00:00:00.000,1.22365,1.22723,1.21495,1.21707,141440.2344
28.10.2016 00:00:00.000,1.21709,1.22131,1.21146,1.21944,148522.1563
30.10.2016 00:00:00.000,1.21845,1.22158,1.21813,1.22068,13702.5898
31.10.2016 00:00:00.000,1.22069,1.22499,1.21442,1.22363,123287.0469
01.11.2016 00:00:00.000,1.22362,1.22809,1.22065,1.22372,154248.0938
02.11.2016 00:00:00.000,1.22374,1.23541,1.22214,1.23039,170620.375
03.11.2016 00:00:00.000,1.23039,1.24950,1.23000,1.24659,199430.0625
04.11.2016 00:00:00.000,1.24658,1.25577,1.24497,1.25198,156026.4531
06.11.2016 00:00:00.000,1.24549,1.24880,1.24547,1.24880,12807.2197
07.11.2016 00:00:00.000,1.24880,1.24984,1.23799,1.23988,148507.8906
08.11.2016 00:00:00.000,1.23988,1.24403,1.23604,1.23863,138521.3125
09.11.2016 00:00:00.000,1.23862,1.25485,1.23544,1.24203,279737.1875
10.11.2016 00:00:00.000,1.24199,1.25852,1.23783,1.25514,220819.0313
11.11.2016 00:00:00.000,1.25512,1.26739,1.25261,1.26058,201758.0156
13.11.2016 00:00:00.000,1.25775,1.25964,1.25642,1.25775,9820.5195
14.11.2016 00:00:00.000,1.25775,1.25822,1.24447,1.25173,197974.4531
15.11.2016 00:00:00.000,1.25171,1.25299,1.23804,1.24525,198174.1406
16.11.2016 00:00:00.000,1.24526,1.25034,1.24102,1.24396,205630.375
17.11.2016 00:00:00.000,1.24396,1.25060,1.24080,1.24105,174226.9688
18.11.2016 00:00:00.000,1.24105,1.24370,1.23027,1.23516,195012.0938
20.11.2016 00:00:00.000,1.23449,1.23598,1.23204,1.23255,9658.3701
21.11.2016 00:00:00.000,1.23254,1.25124,1.23131,1.24930,187324.875
22.11.2016 00:00:00.000,1.24932,1.25137,1.23848,1.24236,148540.5156
23.11.2016 00:00:00.000,1.24235,1.24696,1.23609,1.24284,167698.625
24.11.2016 00:00:00.000,1.24276,1.24953,1.24025,1.24524,156858.0313
25.11.2016 00:00:00.000,1.24524,1.24950,1.24163,1.24949,175773.9375
27.11.2016 00:00:00.000,1.24819,1.24832,1.24604,1.24813,3509.79
28.11.2016 00:00:00.000,1.24813,1.25323,1.23859,1.24094,166825.8438
29.11.2016 00:00:00.000,1.24094,1.25263,1.23890,1.24912,159212.0938
30.11.2016 00:00:00.000,1.24912,1.25235,1.24199,1.25149,189998.5
01.12.2016 00:00:00.000,1.25139,1.26965,1.25078,1.25894,181974.9063
02.12.2016 00:00:00.000,1.25895,1.27403,1.25708,1.27403,152062.9375
04.12.2016 00:00:00.000,1.26890,1.26911,1.26300,1.26698,14638.3301
05.12.2016 00:00:00.000,1.26701,1.27453,1.26571,1.27278,193951
06.12.2016 00:00:00.000,1.27276,1.27754,1.26572,1.26719,153056.5469
07.12.2016 00:00:00.000,1.26717,1.26737,1.25708,1.26284,130156.3438
08.12.2016 00:00:00.000,1.26288,1.27053,1.25495,1.25851,166235.375
09.12.2016 00:00:00.000,1.25850,1.26212,1.25531,1.25786,128817.5234
11.12.2016 00:00:00.000,1.25780,1.26000,1.25769,1.25949,4799.7598
12.12.2016 00:00:00.000,1.25947,1.27003,1.25674,1.26774,149648.2188
13.12.2016 00:00:00.000,1.26775,1.27286,1.26541,1.26619,166014.5313
14.12.2016 00:00:00.000,1.26619,1.27303,1.25158,1.25365,191217.1563
15.12.2016 00:00:00.000,1.25366,1.25685,1.23767,1.24225,227252.2969
16.12.2016 00:00:00.000,1.24225,1.25100,1.23837,1.24916,171709.5313
18.12.2016 00:00:00.000,1.24890,1.24975,1.24800,1.24897,5627.54
19.12.2016 00:00:00.000,1.24898,1.25031,1.23555,1.23885,144433.1406
20.12.2016 00:00:00.000,1.23884,1.24095,1.23133,1.23653,156889.5469
21.12.2016 00:00:00.000,1.23654,1.23910,1.23245,1.23537,138349.7969
22.12.2016 00:00:00.000,1.23537,1.23791,1.22777,1.22848,132817.4063
23.12.2016 00:00:00.000,1.22848,1.22997,1.22294,1.22960,94489.2891
25.12.2016 00:00:00.000,1.22897,1.22954,1.22737,1.22930,5977.1802
26.12.2016 00:00:00.000,1.22930,1.23196,1.22619,1.22763,51105.3008
27.12.2016 00:00:00.000,1.22761,1.22889,1.22415,1.22749,86042.9922
28.12.2016 00:00:00.000,1.22750,1.22974,1.22012,1.22205,115499.6719
29.12.2016 00:00:00.000,1.22211,1.23101,1.22208,1.22841,124376.3984
30.12.2016 00:00:00.000,1.22843,1.23883,1.22703,1.23543,144771.3438
01.01.2017 00:00:00.000,1.23558,1.23558,1.23350,1.23524,472.22
02.01.2017 00:00:00.000,1.23523,1.23563,1.22748,1.22819,70978.4375
03.01.2017 00:00:00.000,1.22819,1.23076,1.21997,1.22449,148477.6563
04.01.2017 00:00:00.000,1.22451,1.23538,1.22220,1.23260,161194.5313
05.01.2017 00:00:00.000,1.23263,1.24327,1.22710,1.24227,204816.9844
06.01.2017 00:00:00.000,1.24227,1.24249,1.22617,1.22929,158689
08.01.2017 00:00:00.000,1.22524,1.22715,1.22524,1.22589,4412.5898
09.01.2017 00:00:00.000,1.22590,1.22719,1.21244,1.21715,167513.9063
10.01.2017 00:00:00.000,1.21715,1.21903,1.21078,1.21746,179697.3906
11.01.2017 00:00:00.000,1.21748,1.22739,1.20388,1.22103,213559.0156
12.01.2017 00:00:00.000,1.22103,1.23174,1.21530,1.21666,205373.3281
13.01.2017 00:00:00.000,1.21666,1.22338,1.21221,1.21883,177341.0313
15.01.2017 00:00:00.000,1.20006,1.20513,1.19965,1.20379,5693.1499
16.01.2017 00:00:00.000,1.20379,1.20860,1.19878,1.20409,157395.8594
17.01.2017 00:00:00.000,1.20410,1.24170,1.20399,1.23885,250277.25
18.01.2017 00:00:00.000,1.23886,1.24027,1.22548,1.22612,206584.4063
19.01.2017 00:00:00.000,1.22612,1.23435,1.22538,1.23383,206270.6563
20.01.2017 00:00:00.000,1.23384,1.23811,1.22612,1.23757,205419.3281
22.01.2017 00:00:00.000,1.23802,1.23883,1.23723,1.23863,5766.3901
23.01.2017 00:00:00.000,1.23864,1.25462,1.23823,1.25167,184338.5938
24.01.2017 00:00:00.000,1.25166,1.25446,1.24193,1.25325,192678.5469
25.01.2017 00:00:00.000,1.25326,1.26394,1.24918,1.26352,189814.5469
26.01.2017 00:00:00.000,1.26352,1.26738,1.25568,1.25964,202455.2031
27.01.2017 00:00:00.000,1.25963,1.26064,1.25176,1.25502,175322.8438
29.01.2017 00:00:00.000,1.25963,1.26005,1.25593,1.25965,5804.7002
30.01.2017 00:00:00.000,1.25962,1.26019,1.24661,1.25013,157410.5
31.01.2017 00:00:00.000,1.25015,1.25969,1.24133,1.25880,198679.3281
01.02.2017 00:00:00.000,1.25881,1.26804,1.25431,1.26606,183588.9063
02.02.2017 00:00:00.000,1.26604,1.27066,1.25187,1.25200,176379.1094
03.02.2017 00:00:00.000,1.25199,1.25383,1.24601,1.24911,163966.8281
05.02.2017 00:00:00.000,1.24920,1.24939,1.24793,1.24840,2995.8999
06.02.2017 00:00:00.000,1.24840,1.24995,1.24277,1.24691,158427.2344
07.02.2017 00:00:00.000,1.24691,1.25469,1.23474,1.24969,175091.7969
08.02.2017 00:00:00.000,1.24970,1.25503,1.24754,1.25243,167890.0625
09.02.2017 00:00:00.000,1.25243,1.25824,1.24911,1.24962,157023.0469
10.02.2017 00:00:00.000,1.24962,1.25221,1.24406,1.24927,161576.2188
12.02.2017 00:00:00.000,1.24938,1.24978,1.24816,1.24827,4368.1899
13.02.2017 00:00:00.000,1.24827,1.25401,1.24814,1.25233,145273.6875
14.02.2017 00:00:00.000,1.25233,1.25487,1.24437,1.24704,167943.2188
15.02.2017 00:00:00.000,1.24704,1.24811,1.23837,1.24684,171492.7344
16.02.2017 00:00:00.000,1.24680,1.25241,1.24548,1.24868,158914.0156
17.02.2017 00:00:00.000,1.24868,1.25116,1.23887,1.24151,156376.4375
19.02.2017 00:00:00.000,1.24095,1.24417,1.24077,1.24300,5331.7202
20.02.2017 00:00:00.000,1.24297,1.24831,1.24090,1.24732,123737.1406
21.02.2017 00:00:00.000,1.24735,1.24900,1.24017,1.24877,143285.8125
22.02.2017 00:00:00.000,1.24877,1.25084,1.24210,1.24531,163658.7969
23.02.2017 00:00:00.000,1.24533,1.25616,1.24283,1.25553,142896.2813
24.02.2017 00:00:00.000,1.25553,1.25706,1.24485,1.24647,132650.5469
26.02.2017 00:00:00.000,1.24770,1.24770,1.23925,1.24009,13257.04
27.02.2017 00:00:00.000,1.24011,1.24793,1.23846,1.24382,138584.6406
28.02.2017 00:00:00.000,1.24383,1.24710,1.23733,1.23791,147327.7656
01.03.2017 00:00:00.000,1.23789,1.24055,1.22704,1.22712,170455.4531
02.03.2017 00:00:00.000,1.22712,1.23080,1.22435,1.22745,144639.7188
03.03.2017 00:00:00.000,1.22746,1.23008,1.22149,1.23008,145137.8125
05.03.2017 00:00:00.000,1.22905,1.23012,1.22880,1.23007,3432.25
06.03.2017 00:00:00.000,1.23008,1.23008,1.22246,1.22399,123504.8203
07.03.2017 00:00:00.000,1.22401,1.22530,1.21700,1.22042,131375.0313
08.03.2017 00:00:00.000,1.22042,1.22147,1.21393,1.21744,140073.0938
09.03.2017 00:00:00.000,1.21745,1.21957,1.21347,1.21566,160667.8594
10.03.2017 00:00:00.000,1.21567,1.21891,1.21402,1.21672,137949.5469
12.03.2017 00:00:00.000,1.21667,1.21739,1.21595,1.21710,7022.3301
13.03.2017 00:00:00.000,1.21711,1.22515,1.21570,1.22068,150852.9688
14.03.2017 00:00:00.000,1.22068,1.22149,1.21097,1.21576,131727.7031
15.03.2017 00:00:00.000,1.21576,1.23100,1.21552,1.22826,172792.4375
16.03.2017 00:00:00.000,1.22828,1.23771,1.22419,1.23510,169200.2188
17.03.2017 00:00:00.000,1.23508,1.24054,1.23246,1.23973,134118.8125
19.03.2017 00:00:00.000,1.23927,1.23975,1.23832,1.23840,4174.0698
20.03.2017 00:00:00.000,1.23838,1.24364,1.23356,1.23676,122605.9922
21.03.2017 00:00:00.000,1.23676,1.24948,1.23413,1.24828,145427.1875
22.03.2017 00:00:00.000,1.24826,1.25071,1.24245,1.24719,139439.7188
23.03.2017 00:00:00.000,1.24721,1.25317,1.24635,1.25172,140796.7969
24.03.2017 00:00:00.000,1.25173,1.25179,1.24698,1.24734,113328.6406
26.03.2017 00:00:00.000,1.24950,1.25219,1.24919,1.25141,9270.79
27.03.2017 00:00:00.000,1.25141,1.26157,1.25093,1.25583,128511.8828
28.03.2017 00:00:00.000,1.25583,1.25969,1.24165,1.24173,131602.8281
29.03.2017 00:00:00.000,1.24173,1.24766,1.23776,1.24410,152568.1563
30.03.2017 00:00:00.000,1.24409,1.25248,1.24032,1.24774,128035.6016
31.03.2017 00:00:00.000,1.24776,1.25610,1.24337,1.25546,140617.4063
02.04.2017 00:00:00.000,1.25474,1.25583,1.25360,1.25408,5877.8101
03.04.2017 00:00:00.000,1.25407,1.25545,1.24662,1.24912,122792.4766
04.04.2017 00:00:00.000,1.24913,1.24963,1.24194,1.24399,123817.8438
05.04.2017 00:00:00.000,1.24399,1.24987,1.24233,1.24875,137504.1875
06.04.2017 00:00:00.000,1.24873,1.25062,1.24509,1.24691,120733.3828
07.04.2017 00:00:00.000,1.24691,1.24785,1.23668,1.23785,148902.0625
09.04.2017 00:00:00.000,1.23873,1.23877,1.23670,1.23749,10796
10.04.2017 00:00:00.000,1.23751,1.24294,1.23687,1.24240,115096.7422
11.04.2017 00:00:00.000,1.24240,1.24949,1.24041,1.24896,139290.2656
12.04.2017 00:00:00.000,1.24902,1.25504,1.24805,1.25495,157720.7813
13.04.2017 00:00:00.000,1.25494,1.25749,1.25009,1.25049,141876.1719
14.04.2017 00:00:00.000,1.25048,1.25355,1.25011,1.25299,89707.9688
16.04.2017 00:00:00.000,1.25389,1.25389,1.25262,1.25361,9082.4502
17.04.2017 00:00:00.000,1.25359,1.25966,1.25306,1.25573,102691.4375
18.04.2017 00:00:00.000,1.25573,1.29055,1.25157,1.28446,196092.1406
19.04.2017 00:00:00.000,1.28445,1.28595,1.27708,1.27822,169605.0781
20.04.2017 00:00:00.000,1.27822,1.28473,1.27733,1.28010,149706.5156
21.04.2017 00:00:00.000,1.28010,1.28351,1.27574,1.28165,126605.1094
23.04.2017 00:00:00.000,1.28419,1.28445,1.28068,1.28239,12933.5303
24.04.2017 00:00:00.000,1.28242,1.28337,1.27727,1.27783,148689.7188
25.04.2017 00:00:00.000,1.27783,1.28462,1.27759,1.28331,147868.4531
26.04.2017 00:00:00.000,1.28332,1.28634,1.28055,1.28489,165873.4844
27.04.2017 00:00:00.000,1.28489,1.29174,1.28428,1.28930,153421.5469
28.04.2017 00:00:00.000,1.28930,1.29658,1.28910,1.29539,156219.3594
30.04.2017 00:00:00.000,1.29384,1.29489,1.29282,1.29324,10879.3398
01.05.2017 00:00:00.000,1.29324,1.29372,1.28828,1.28975,90036.6016
02.05.2017 00:00:00.000,1.28977,1.29416,1.28649,1.29415,115526.5391
03.05.2017 00:00:00.000,1.29416,1.29483,1.28627,1.28732,140185.3906
04.05.2017 00:00:00.000,1.28731,1.29327,1.28316,1.29260,139076.5781
05.05.2017 00:00:00.000,1.29260,1.29863,1.29009,1.29851,136274.2031
07.05.2017 00:00:00.000,1.29859,1.29898,1.29607,1.29687,16553.6191
08.05.2017 00:00:00.000,1.29688,1.29866,1.29303,1.29417,142184.0156
09.05.2017 00:00:00.000,1.29417,1.29612,1.29029,1.29491,165621.7344
10.05.2017 00:00:00.000,1.29492,1.29884,1.29279,1.29300,149124.3281
11.05.2017 00:00:00.000,1.29299,1.29490,1.28494,1.28893,153523.5625
12.05.2017 00:00:00.000,1.28893,1.29003,1.28452,1.28878,154151
14.05.2017 00:00:00.000,1.28893,1.28937,1.28821,1.28847,15490.2598
15.05.2017 00:00:00.000,1.28845,1.29409,1.28819,1.29026,139418.9063
16.05.2017 00:00:00.000,1.29027,1.29584,1.28660,1.29173,172961.2031
17.05.2017 00:00:00.000,1.29173,1.29911,1.29062,1.29715,186131.9688
18.05.2017 00:00:00.000,1.29714,1.30481,1.28897,1.29551,189187.9844
19.05.2017 00:00:00.000,1.29550,1.30416,1.29421,1.30416,140772.2344
21.05.2017 00:00:00.000,1.30019,1.30259,1.30019,1.30101,6691.8198
22.05.2017 00:00:00.000,1.30101,1.30433,1.29657,1.29925,156923.5938
23.05.2017 00:00:00.000,1.29923,1.30342,1.29536,1.29570,153383.6094
24.05.2017 00:00:00.000,1.29570,1.29993,1.29274,1.29784,139260.1563
25.05.2017 00:00:00.000,1.29785,1.30157,1.29280,1.29309,119720.3125
26.05.2017 00:00:00.000,1.29308,1.29310,1.27759,1.28117,136287.9063
28.05.2017 00:00:00.000,1.28092,1.28184,1.28068,1.28144,5309.5098
29.05.2017 00:00:00.000,1.28148,1.28508,1.28090,1.28152,91710.2813
30.05.2017 00:00:00.000,1.28152,1.28888,1.27926,1.28090,125323.9531
31.05.2017 00:00:00.000,1.28091,1.29214,1.27697,1.28767,150032.8125
01.06.2017 00:00:00.000,1.28765,1.29164,1.28303,1.28868,121916.4219
02.06.2017 00:00:00.000,1.28870,1.29041,1.28464,1.28998,108233.0078
04.06.2017 00:00:00.000,1.28663,1.28789,1.28634,1.28680,9689.25
05.06.2017 00:00:00.000,1.28685,1.29412,1.28601,1.29064,96161.8672
06.06.2017 00:00:00.000,1.29064,1.29503,1.28725,1.29068,114048.2813
07.06.2017 00:00:00.000,1.29068,1.29696,1.28878,1.29639,122804.6016
08.06.2017 00:00:00.000,1.29641,1.29782,1.27090,1.27245,156551.0625
09.06.2017 00:00:00.000,1.27252,1.28036,1.26362,1.27493,181758.4375
11.06.2017 00:00:00.000,1.27185,1.27524,1.27185,1.27441,8882.3301
12.06.2017 00:00:00.000,1.27442,1.27703,1.26392,1.26700,122785.3594
13.06.2017 00:00:00.000,1.26699,1.27575,1.26424,1.27491,122365.9922
14.06.2017 00:00:00.000,1.27493,1.28188,1.27240,1.27545,167251.4063
15.06.2017 00:00:00.000,1.27546,1.27958,1.26910,1.27608,143492.8125
16.06.2017 00:00:00.000,1.27609,1.28055,1.27587,1.27797,116675.5078
18.06.2017 00:00:00.000,1.27698,1.27811,1.27605,1.27750,9278.3701
19.06.2017 00:00:00.000,1.27750,1.28147,1.27238,1.27311,127350.9063
20.06.2017 00:00:00.000,1.27312,1.27583,1.26037,1.26326,136567.5469
21.06.2017 00:00:00.000,1.26326,1.27104,1.25895,1.26751,161729.4063
22.06.2017 00:00:00.000,1.26753,1.26916,1.26543,1.26786,154910.4531
23.06.2017 00:00:00.000,1.26787,1.27447,1.26762,1.27197,110508.4609
25.06.2017 00:00:00.000,1.27452,1.27456,1.27347,1.27455,4372.1602
26.06.2017 00:00:00.000,1.27452,1.27601,1.27067,1.27243,124047.2578
27.06.2017 00:00:00.000,1.27242,1.28619,1.27168,1.28136,150327.2344
28.06.2017 00:00:00.000,1.28138,1.29725,1.27944,1.29401,177640.875
29.06.2017 00:00:00.000,1.29404,1.30158,1.29386,1.30089,149718.8281
30.06.2017 00:00:00.000,1.30090,1.30306,1.29462,1.30295,138113.0938
02.07.2017 00:00:00.000,1.30085,1.30247,1.30084,1.30159,7575.75
03.07.2017 00:00:00.000,1.30159,1.30230,1.29324,1.29488,127601.8984
04.07.2017 00:00:00.000,1.29488,1.29593,1.29131,1.29359,146481.0469
05.07.2017 00:00:00.000,1.29364,1.29485,1.28938,1.29313,132592.3594
06.07.2017 00:00:00.000,1.29310,1.29844,1.29201,1.29686,131908.4844
07.07.2017 00:00:00.000,1.29685,1.29753,1.28670,1.28874,118591.8281
09.07.2017 00:00:00.000,1.28885,1.28921,1.28786,1.28914,7731.0698
10.07.2017 00:00:00.000,1.28910,1.29086,1.28551,1.28808,93549.8516
11.07.2017 00:00:00.000,1.28808,1.29277,1.28314,1.28594,117607.75
12.07.2017 00:00:00.000,1.28596,1.29077,1.28122,1.28927,140548.5313
13.07.2017 00:00:00.000,1.28926,1.29554,1.28904,1.29472,123386.4297
14.07.2017 00:00:00.000,1.29473,1.31140,1.29361,1.30996,137602.8125
16.07.2017 00:00:00.000,1.31071,1.31135,1.31003,1.31106,13284.3203
17.07.2017 00:00:00.000,1.31106,1.31112,1.30472,1.30521,115576.7109
18.07.2017 00:00:00.000,1.30521,1.31261,1.30053,1.30367,152396.0313
19.07.2017 00:00:00.000,1.30366,1.30530,1.30111,1.30310,118075.1719
20.07.2017 00:00:00.000,1.30311,1.30331,1.29336,1.29656,167893.3438
21.07.2017 00:00:00.000,1.29657,1.30202,1.29541,1.29971,145654.0938
23.07.2017 00:00:00.000,1.29953,1.30101,1.29942,1.30056,7328.2998
24.07.2017 00:00:00.000,1.30055,1.30581,1.29897,1.30268,109815.1328
25.07.2017 00:00:00.000,1.30269,1.30843,1.30082,1.30275,132297.6563
26.07.2017 00:00:00.000,1.30275,1.31290,1.30003,1.31148,158882.5313
27.07.2017 00:00:00.000,1.31147,1.31589,1.30520,1.30766,158742.1094
28.07.2017 00:00:00.000,1.30765,1.31526,1.30692,1.31365,143741.4844
30.07.2017 00:00:00.000,1.31293,1.31513,1.31288,1.31440,6591.3501
31.07.2017 00:00:00.000,1.31441,1.32248,1.30974,1.31973,136772.7031
01.08.2017 00:00:00.000,1.31977,1.32450,1.31964,1.32082,136962.2656
02.08.2017 00:00:00.000,1.32082,1.32508,1.31917,1.32277,128926.6484
03.08.2017 00:00:00.000,1.32281,1.32681,1.31128,1.31441,132828.1094
04.08.2017 00:00:00.000,1.31441,1.31648,1.30241,1.30398,113993.3438
06.08.2017 00:00:00.000,1.30480,1.30556,1.30402,1.30466,10268.1396
07.08.2017 00:00:00.000,1.30467,1.30595,1.30141,1.30353,93333.0781
08.08.2017 00:00:00.000,1.30352,1.30542,1.29527,1.29867,103248.8438
09.08.2017 00:00:00.000,1.29866,1.30287,1.29687,1.30120,263511.75
10.08.2017 00:00:00.000,1.30119,1.30159,1.29519,1.29776,119133.4609
11.08.2017 00:00:00.000,1.29776,1.30321,1.29399,1.30195,118702.2266
13.08.2017 00:00:00.000,1.30182,1.30183,1.30013,1.30058,5677.21
14.08.2017 00:00:00.000,1.30058,1.30226,1.29542,1.29658,120291.25
15.08.2017 00:00:00.000,1.29658,1.29707,1.28467,1.28677,132050.2656
16.08.2017 00:00:00.000,1.28674,1.29036,1.28421,1.28907,131905.0938
17.08.2017 00:00:00.000,1.28907,1.29091,1.28529,1.28649,139479.125
18.08.2017 00:00:00.000,1.28650,1.29173,1.28322,1.28777,121836.4922
20.08.2017 00:00:00.000,1.28688,1.28824,1.28595,1.28721,7631.3398
21.08.2017 00:00:00.000,1.28721,1.29168,1.28508,1.28980,103092.1563
22.08.2017 00:00:00.000,1.28980,1.29095,1.28114,1.28228,106185.1094
23.08.2017 00:00:00.000,1.28228,1.28338,1.27799,1.28042,122917.2891
24.08.2017 00:00:00.000,1.28042,1.28372,1.27743,1.28005,138317.7188
25.08.2017 00:00:00.000,1.28008,1.28897,1.27949,1.28841,130399.0938
27.08.2017 00:00:00.000,1.29342,1.29357,1.29021,1.29038,12528.1602
28.08.2017 00:00:00.000,1.29039,1.29431,1.28742,1.29268,115054.5469
29.08.2017 00:00:00.000,1.29268,1.29792,1.29156,1.29230,142593.3906
30.08.2017 00:00:00.000,1.29230,1.29384,1.28788,1.29201,134189.3594
31.08.2017 00:00:00.000,1.29199,1.29457,1.28530,1.29397,140014.6563
01.09.2017 00:00:00.000,1.29397,1.29960,1.29057,1.29533,124493.0313
03.09.2017 00:00:00.000,1.29644,1.29668,1.29473,1.29646,10547.29
04.09.2017 00:00:00.000,1.29645,1.29670,1.29133,1.29236,118782.8125
05.09.2017 00:00:00.000,1.29238,1.30448,1.29095,1.30410,146230.6875
06.09.2017 00:00:00.000,1.30407,1.30826,1.30191,1.30463,134099.0313
07.09.2017 00:00:00.000,1.30463,1.31163,1.30332,1.31052,159419.6875
08.09.2017 00:00:00.000,1.31052,1.32246,1.30991,1.31960,151995.7969
10.09.2017 00:00:00.000,1.31897,1.31991,1.31833,1.31978,7368.3901
11.09.2017 00:00:00.000,1.31979,1.32228,1.31614,1.31693,125634.3672
12.09.2017 00:00:00.000,1.31693,1.32987,1.31613,1.32893,139784.2188
13.09.2017 00:00:00.000,1.32894,1.33296,1.31850,1.32074,138536.625
14.09.2017 00:00:00.000,1.32074,1.34063,1.31550,1.33980,217358.0938
15.09.2017 00:00:00.000,1.33980,1.36170,1.33823,1.35962,165429.7031
17.09.2017 00:00:00.000,1.35681,1.35927,1.35654,1.35770,5824.1802
18.09.2017 00:00:00.000,1.35771,1.36192,1.34653,1.35152,153447.2813
19.09.2017 00:00:00.000,1.35156,1.35522,1.34689,1.35146,159937.0469
20.09.2017 00:00:00.000,1.35146,1.36594,1.34527,1.34909,213033.6875
21.09.2017 00:00:00.000,1.34906,1.35869,1.34714,1.35801,228262.3594
22.09.2017 00:00:00.000,1.35799,1.35963,1.34511,1.34977,165407.3906
24.09.2017 00:00:00.000,1.34912,1.35209,1.34865,1.35056,11008.0596
25.09.2017 00:00:00.000,1.35059,1.35711,1.34314,1.34778,161221.5313
26.09.2017 00:00:00.000,1.34776,1.35145,1.34100,1.34414,158442.4219
27.09.2017 00:00:00.000,1.34414,1.34492,1.33642,1.33989,181085.2969
28.09.2017 00:00:00.000,1.33989,1.34558,1.33433,1.34303,168162.9063
29.09.2017 00:00:00.000,1.34302,1.34302,1.33503,1.34010,144040.8594
01.10.2017 00:00:00.000,1.33747,1.34029,1.33726,1.33940,6655.9902
02.10.2017 00:00:00.000,1.33940,1.33962,1.32571,1.32736,148881.3281
03.10.2017 00:00:00.000,1.32736,1.32883,1.32227,1.32425,145134.7969
04.10.2017 00:00:00.000,1.32425,1.32919,1.32320,1.32334,139352.1563
05.10.2017 00:00:00.000,1.32336,1.32505,1.31082,1.31138,140902.1094
06.10.2017 00:00:00.000,1.31138,1.31138,1.30277,1.30707,141222.6875
08.10.2017 00:00:00.000,1.31031,1.31031,1.30760,1.30834,6793.9102
09.10.2017 00:00:00.000,1.30834,1.31843,1.30757,1.31421,125465.0391
10.10.2017 00:00:00.000,1.31421,1.32261,1.31406,1.32099,130114.3438
11.10.2017 00:00:00.000,1.32100,1.32416,1.31760,1.32388,135586.0156
12.10.2017 00:00:00.000,1.32388,1.32912,1.31220,1.32645,158680.0469
13.10.2017 00:00:00.000,1.32646,1.33380,1.32476,1.32881,149863.0938
15.10.2017 00:00:00.000,1.33055,1.33134,1.32739,1.32891,6289.0298
16.10.2017 00:00:00.000,1.32886,1.33121,1.32258,1.32540,119476.6719
17.10.2017 00:00:00.000,1.32540,1.32876,1.31552,1.31921,143294.1406
18.10.2017 00:00:00.000,1.31921,1.32168,1.31407,1.32122,132305.1875
19.10.2017 00:00:00.000,1.32120,1.32292,1.31333,1.31520,146843.8125
20.10.2017 00:00:00.000,1.31520,1.32008,1.30884,1.31896,142851.5781
22.10.2017 00:00:00.000,1.31888,1.31936,1.31821,1.31918,8220.3896
23.10.2017 00:00:00.000,1.31919,1.32274,1.31582,1.32035,122069.4219
24.10.2017 00:00:00.000,1.32034,1.32279,1.31137,1.31307,128929.1875
25.10.2017 00:00:00.000,1.31307,1.32754,1.31104,1.32724,152831.5
26.10.2017 00:00:00.000,1.32724,1.32797,1.31223,1.31300,140607.4688
27.10.2017 00:00:00.000,1.31300,1.31399,1.30704,1.31307,122338.8984
29.10.2017 00:00:00.000,1.31353,1.31375,1.31236,1.31350,6502.2402
30.10.2017 00:00:00.000,1.31348,1.32155,1.31278,1.32139,116204.1328
31.10.2017 00:00:00.000,1.32139,1.32940,1.31925,1.32907,121227.7813
01.11.2017 00:00:00.000,1.32906,1.33215,1.32409,1.32562,136342.6875
02.11.2017 00:00:00.000,1.32564,1.32991,1.30434,1.30540,153622.4531
03.11.2017 00:00:00.000,1.30540,1.31345,1.30397,1.30782,126773.3516
05.11.2017 00:00:00.000,1.30761,1.30805,1.30694,1.30796,3859.0701
06.11.2017 00:00:00.000,1.30797,1.31757,1.30589,1.31739,144429.25
07.11.2017 00:00:00.000,1.31738,1.31782,1.31097,1.31719,154862.2188
08.11.2017 00:00:00.000,1.31719,1.31762,1.30868,1.31140,130610.1016
09.11.2017 00:00:00.000,1.31140,1.31660,1.30858,1.31434,172659.6563
10.11.2017 00:00:00.000,1.31434,1.32299,1.31129,1.31919,149529.0156
12.11.2017 00:00:00.000,1.31643,1.31814,1.31192,1.31208,7223.3501
13.11.2017 00:00:00.000,1.31206,1.31354,1.30625,1.31211,133155.4531
14.11.2017 00:00:00.000,1.31209,1.31874,1.30756,1.31577,139444.1094
15.11.2017 00:00:00.000,1.31577,1.32148,1.31310,1.31736,166195.7031
16.11.2017 00:00:00.000,1.31734,1.32088,1.31355,1.32000,149735.1719
17.11.2017 00:00:00.000,1.32000,1.32609,1.31703,1.32210,161332.125
19.11.2017 00:00:00.000,1.32185,1.32244,1.31981,1.31995,7892.1899
20.11.2017 00:00:00.000,1.31995,1.32800,1.31862,1.32422,149068.0625
21.11.2017 00:00:00.000,1.32423,1.32678,1.32098,1.32481,137824.8438
22.11.2017 00:00:00.000,1.32480,1.33300,1.32139,1.33155,140253.8438
23.11.2017 00:00:00.000,1.33156,1.33371,1.32849,1.33063,115444.3672
24.11.2017 00:00:00.000,1.33063,1.33604,1.32791,1.33417,128918.2578
26.11.2017 00:00:00.000,1.33314,1.33357,1.33216,1.33243,4117.0698
27.11.2017 00:00:00.000,1.33243,1.33836,1.33104,1.33220,142908.4063
28.11.2017 00:00:00.000,1.33220,1.33875,1.32215,1.33649,192622.7813
29.11.2017 00:00:00.000,1.33649,1.34484,1.33528,1.34173,179636.9844
30.11.2017 00:00:00.000,1.34173,1.35490,1.34101,1.35302,198173.6563
01.12.2017 00:00:00.000,1.35302,1.35500,1.34456,1.34764,205606.75
03.12.2017 00:00:00.000,1.34485,1.35145,1.34404,1.34910,7378.9199
04.12.2017 00:00:00.000,1.34906,1.35390,1.34148,1.34739,187570.8594
05.12.2017 00:00:00.000,1.34733,1.34780,1.33709,1.34148,179407.125
06.12.2017 00:00:00.000,1.34148,1.34367,1.33581,1.33920,166110.9531
07.12.2017 00:00:00.000,1.33919,1.34860,1.33205,1.34830,166051.9688
08.12.2017 00:00:00.000,1.34830,1.35208,1.33561,1.33849,173197.75
10.12.2017 00:00:00.000,1.33872,1.33972,1.33835,1.33919,3041.1599
11.12.2017 00:00:00.000,1.33915,1.34321,1.33314,1.33481,151849.625
12.12.2017 00:00:00.000,1.33481,1.33806,1.33042,1.33200,164207.6094
13.12.2017 00:00:00.000,1.33200,1.34304,1.33121,1.34100,183988.2969
14.12.2017 00:00:00.000,1.34100,1.34667,1.33930,1.34331,206118.1406
15.12.2017 00:00:00.000,1.34329,1.34480,1.33018,1.33287,184914.5469
17.12.2017 00:00:00.000,1.33204,1.33243,1.33155,1.33167,5683.1401
18.12.2017 00:00:00.000,1.33168,1.34189,1.33107,1.33797,172733.7969
19.12.2017 00:00:00.000,1.33797,1.34027,1.33318,1.33865,186514.2188
20.12.2017 00:00:00.000,1.33865,1.34206,1.33696,1.33707,170878.8281
21.12.2017 00:00:00.000,1.33707,1.33883,1.33319,1.33789,159413.2344
22.12.2017 00:00:00.000,1.33785,1.33977,1.33474,1.33637,157243.9375
24.12.2017 00:00:00.000,1.33829,1.33847,1.33828,1.33839,115
25.12.2017 00:00:00.000,1.33852,1.33995,1.33632,1.33749,5693.5498
26.12.2017 00:00:00.000,1.33749,1.33897,1.33481,1.33750,133515.5781
27.12.2017 00:00:00.000,1.33749,1.34299,1.33683,1.34041,156688.3906
28.12.2017 00:00:00.000,1.34041,1.34571,1.33987,1.34403,150260
29.12.2017 00:00:00.000,1.34405,1.35446,1.34389,1.35242,148551.4375
01.01.2018 00:00:00.000,1.35104,1.35306,1.35072,1.35108,7293.6699
02.01.2018 00:00:00.000,1.35109,1.36008,1.35083,1.35949,170817.8438
03.01.2018 00:00:00.000,1.35950,1.36133,1.34952,1.35115,168904.2656
04.01.2018 00:00:00.000,1.35116,1.35603,1.35060,1.35523,162739.7031
05.01.2018 00:00:00.000,1.35520,1.35830,1.35239,1.35712,158578.625
07.01.2018 00:00:00.000,1.35665,1.35797,1.35596,1.35769,5585.4702
08.01.2018 00:00:00.000,1.35768,1.35861,1.35235,1.35702,129446.8672
09.01.2018 00:00:00.000,1.35702,1.35829,1.35068,1.35308,163154.25
10.01.2018 00:00:00.000,1.35307,1.35625,1.34822,1.35124,180432.3594
11.01.2018 00:00:00.000,1.35124,1.35552,1.34586,1.35418,182161.0156
12.01.2018 00:00:00.000,1.35419,1.37449,1.35382,1.37328,196872.5938
14.01.2018 00:00:00.000,1.37321,1.37441,1.37278,1.37320,5912.8501
15.01.2018 00:00:00.000,1.37320,1.38199,1.37301,1.37948,172759.0469
16.01.2018 00:00:00.000,1.37947,1.38063,1.37422,1.37979,186939.3594
17.01.2018 00:00:00.000,1.37979,1.39431,1.37575,1.38256,232523.1406
18.01.2018 00:00:00.000,1.38256,1.39138,1.38051,1.38932,217235.6563
19.01.2018 00:00:00.000,1.38931,1.39453,1.38387,1.38569,206246.4063
21.01.2018 00:00:00.000,1.38978,1.38991,1.38754,1.38914,7722.3701
22.01.2018 00:00:00.000,1.38913,1.39915,1.38577,1.39842,192393.5156
23.01.2018 00:00:00.000,1.39841,1.40283,1.39163,1.40127,207579.0156
24.01.2018 00:00:00.000,1.40128,1.42645,1.40014,1.42207,252109.7656
25.01.2018 00:00:00.000,1.42207,1.43457,1.40838,1.41503,321091.5625
26.01.2018 00:00:00.000,1.41503,1.42874,1.41371,1.41677,283016
28.01.2018 00:00:00.000,1.41443,1.41533,1.41321,1.41516,6943.4502
29.01.2018 00:00:00.000,1.41516,1.41589,1.40260,1.40731,250008.6563
30.01.2018 00:00:00.000,1.40732,1.41673,1.39802,1.41559,264986.7813
31.01.2018 00:00:00.000,1.41559,1.42329,1.41223,1.41996,279188.9375
01.02.2018 00:00:00.000,1.41996,1.42789,1.41603,1.42667,255358.2969
02.02.2018 00:00:00.000,1.42665,1.42787,1.41020,1.41243,262749.8125
04.02.2018 00:00:00.000,1.41036,1.41144,1.40831,1.41109,9634.2998
05.02.2018 00:00:00.000,1.41109,1.41509,1.39428,1.39447,271078.375
06.02.2018 00:00:00.000,1.39449,1.40000,1.38368,1.39584,325792.1563
07.02.2018 00:00:00.000,1.39584,1.39940,1.38491,1.38797,259725.2344
08.02.2018 00:00:00.000,1.38798,1.40676,1.38463,1.39367,327958.2188
09.02.2018 00:00:00.000,1.39368,1.39877,1.37651,1.38284,295919.8438
11.02.2018 00:00:00.000,1.38200,1.38290,1.38103,1.38245,7496.7998
12.02.2018 00:00:00.000,1.38244,1.38764,1.37965,1.38500,219787.5156
13.02.2018 00:00:00.000,1.38500,1.39248,1.38330,1.38847,224785.7344
14.02.2018 00:00:00.000,1.38847,1.40179,1.38009,1.40161,267790.25
15.02.2018 00:00:00.000,1.40161,1.41098,1.39994,1.41054,257418.125
16.02.2018 00:00:00.000,1.41054,1.41454,1.39974,1.40408,228975.0938
18.02.2018 00:00:00.000,1.40220,1.40387,1.40139,1.40325,7191.9302
19.02.2018 00:00:00.000,1.40325,1.40499,1.39594,1.39933,184635.6719
20.02.2018 00:00:00.000,1.39932,1.40249,1.39315,1.40003,215487.9063
21.02.2018 00:00:00.000,1.39998,1.40095,1.39048,1.39110,254280.375
22.02.2018 00:00:00.000,1.39110,1.39895,1.38575,1.39517,232534.3594
23.02.2018 00:00:00.000,1.39518,1.40057,1.39057,1.39737,187639.7031
25.02.2018 00:00:00.000,1.39929,1.39929,1.39651,1.39692,5004.3101
26.02.2018 00:00:00.000,1.39692,1.40701,1.39287,1.39646,147354.7344
27.02.2018 00:00:00.000,1.39645,1.39971,1.38585,1.39052,175825.2031
28.02.2018 00:00:00.000,1.39054,1.39170,1.37497,1.37553,179286.75
01.03.2018 00:00:00.000,1.37550,1.37856,1.37124,1.37761,203112.1875
02.03.2018 00:00:00.000,1.37761,1.38175,1.37563,1.38064,186251.5156
04.03.2018 00:00:00.000,1.38034,1.38161,1.37788,1.37960,12441.96
05.03.2018 00:00:00.000,1.37960,1.38778,1.37670,1.38496,179077.5156
06.03.2018 00:00:00.000,1.38497,1.39301,1.38170,1.39001,185463.625
07.03.2018 00:00:00.000,1.38998,1.39128,1.38467,1.39047,183725.1875
08.03.2018 00:00:00.000,1.39049,1.39104,1.37823,1.38044,188320.9531
09.03.2018 00:00:00.000,1.38044,1.38898,1.37887,1.38555,178074.625
11.03.2018 00:00:00.000,1.38557,1.38594,1.38516,1.38562,4869.9902
12.03.2018 00:00:00.000,1.38556,1.39179,1.38418,1.39057,133836.3125
13.03.2018 00:00:00.000,1.39055,1.39946,1.38751,1.39720,157313.125
14.03.2018 00:00:00.000,1.39720,1.39963,1.39262,1.39700,151329.7188
15.03.2018 00:00:00.000,1.39700,1.39894,1.39221,1.39374,147471.0625
16.03.2018 00:00:00.000,1.39372,1.39810,1.38896,1.39484,132793.7188
18.03.2018 00:00:00.000,1.39458,1.39500,1.39405,1.39437,4891.98
19.03.2018 00:00:00.000,1.39437,1.40890,1.39138,1.40252,174438.625
20.03.2018 00:00:00.000,1.40252,1.40669,1.39834,1.40047,147084.7813
21.03.2018 00:00:00.000,1.40046,1.41514,1.40020,1.41436,178010.6406
22.03.2018 00:00:00.000,1.41436,1.42204,1.40767,1.41131,188643.0625
23.03.2018 00:00:00.000,1.41131,1.41724,1.40858,1.41364,154267.5
25.03.2018 00:00:00.000,1.41473,1.41581,1.41325,1.41485,4189.77
26.03.2018 00:00:00.000,1.41486,1.42450,1.41459,1.42384,123981.9531
27.03.2018 00:00:00.000,1.42384,1.42449,1.40666,1.41773,150516.1563
28.03.2018 00:00:00.000,1.41773,1.42007,1.40713,1.40835,150306.6875
29.03.2018 00:00:00.000,1.40835,1.40968,1.40113,1.40278,146708.0781
30.03.2018 00:00:00.000,1.40280,1.40610,1.40129,1.40214,94209.6406
01.04.2018 00:00:00.000,1.40301,1.40403,1.40251,1.40371,6519.9702
02.04.2018 00:00:00.000,1.40371,1.40784,1.40266,1.40474,100143.8906
03.04.2018 00:00:00.000,1.40472,1.40891,1.40216,1.40700,133284.9531
04.04.2018 00:00:00.000,1.40700,1.40972,1.40158,1.40883,153257.7344
05.04.2018 00:00:00.000,1.40883,1.40977,1.39664,1.40069,137800.5
06.04.2018 00:00:00.000,1.40069,1.41064,1.39832,1.40953,142551
08.04.2018 00:00:00.000,1.40958,1.40978,1.40841,1.40912,4513.7002
09.04.2018 00:00:00.000,1.40912,1.41650,1.40793,1.41342,119648.4297
10.04.2018 00:00:00.000,1.41342,1.41886,1.41209,1.41818,131727.0625
11.04.2018 00:00:00.000,1.41818,1.42239,1.41614,1.41879,121749.5938
12.04.2018 00:00:00.000,1.41879,1.42472,1.41459,1.42400,129779.2422
13.04.2018 00:00:00.000,1.42398,1.42970,1.42216,1.42416,103782.4219
15.04.2018 00:00:00.000,1.42514,1.42531,1.42342,1.42463,5850.96
16.04.2018 00:00:00.000,1.42460,1.43446,1.42371,1.43412,101369.9063
17.04.2018 00:00:00.000,1.43412,1.43770,1.42831,1.42971,124376.3984
18.04.2018 00:00:00.000,1.42971,1.43152,1.41738,1.42032,121350.7031
19.04.2018 00:00:00.000,1.42032,1.42465,1.40696,1.40846,141271.6563
20.04.2018 00:00:00.000,1.40846,1.40880,1.39992,1.40063,129033.6719
22.04.2018 00:00:00.000,1.40060,1.40090,1.39956,1.40025,6074.0298
23.04.2018 00:00:00.000,1.40026,1.40318,1.39266,1.39379,112427.1797
24.04.2018 00:00:00.000,1.39379,1.39975,1.39187,1.39942,113895.1094
25.04.2018 00:00:00.000,1.39946,1.39946,1.39239,1.39364,105409.1563
26.04.2018 00:00:00.000,1.39368,1.39986,1.38954,1.39184,135548.9219
27.04.2018 00:00:00.000,1.39184,1.39351,1.37480,1.37859,123949.4922
29.04.2018 00:00:00.000,1.37745,1.37809,1.37694,1.37698,4799.8799
30.04.2018 00:00:00.000,1.37698,1.37931,1.37130,1.37728,110489.4297
01.05.2018 00:00:00.000,1.37728,1.37735,1.35889,1.36096,129474.6484
02.05.2018 00:00:00.000,1.36097,1.36666,1.35559,1.35727,173800.7656
03.05.2018 00:00:00.000,1.35726,1.36301,1.35385,1.35723,168960.1875
04.05.2018 00:00:00.000,1.35723,1.35865,1.34871,1.35351,237857.9844
06.05.2018 00:00:00.000,1.35387,1.35406,1.35317,1.35318,3142.79
07.05.2018 00:00:00.000,1.35318,1.35759,1.35160,1.35687,112739.2813
08.05.2018 00:00:00.000,1.35687,1.35935,1.34850,1.35537,161457.5938
09.05.2018 00:00:00.000,1.35537,1.36075,1.34997,1.35437,146669.0156
10.05.2018 00:00:00.000,1.35436,1.36181,1.34605,1.35221,181943.5469
11.05.2018 00:00:00.000,1.35223,1.35962,1.35026,1.35451,124806.0469
13.05.2018 00:00:00.000,1.35537,1.35555,1.35428,1.35508,3807.98
14.05.2018 00:00:00.000,1.35505,1.36086,1.35435,1.35619,112657.7813
15.05.2018 00:00:00.000,1.35621,1.35727,1.34518,1.35002,144539.3594
16.05.2018 00:00:00.000,1.35002,1.35524,1.34563,1.35480,154835.7031
17.05.2018 00:00:00.000,1.35480,1.35697,1.34749,1.35111,147504.1094
18.05.2018 00:00:00.000,1.35112,1.35284,1.34558,1.34771,118615.5469
20.05.2018 00:00:00.000,1.34673,1.34845,1.34672,1.34770,3578.74
21.05.2018 00:00:00.000,1.34770,1.34770,1.33911,1.34319,130652.4219
22.05.2018 00:00:00.000,1.34315,1.34921,1.34132,1.34416,138444.3438
23.05.2018 00:00:00.000,1.34417,1.34431,1.33059,1.33707,192497.9375
24.05.2018 00:00:00.000,1.33707,1.34222,1.33505,1.33834,170769.0625
25.05.2018 00:00:00.000,1.33834,1.33846,1.32949,1.32997,155227.2969
27.05.2018 00:00:00.000,1.33180,1.33244,1.33036,1.33085,6984.4502
28.05.2018 00:00:00.000,1.33085,1.33415,1.32968,1.33126,130514.25
29.05.2018 00:00:00.000,1.33128,1.33257,1.32052,1.32548,198222.6719
30.05.2018 00:00:00.000,1.32548,1.33078,1.32427,1.32848,176044.7656
31.05.2018 00:00:00.000,1.32848,1.33487,1.32779,1.32896,179671.1875
01.06.2018 00:00:00.000,1.32898,1.33624,1.32544,1.33498,153977.5781
03.06.2018 00:00:00.000,1.33610,1.33610,1.33464,1.33538,9233.71
04.06.2018 00:00:00.000,1.33538,1.33990,1.32951,1.33165,113727.6719
05.06.2018 00:00:00.000,1.33166,1.34171,1.33027,1.34071,152869.875
06.06.2018 00:00:00.000,1.34073,1.34437,1.33975,1.34205,136987.0156
07.06.2018 00:00:00.000,1.34204,1.34727,1.33732,1.34165,157625.0469
08.06.2018 00:00:00.000,1.34168,1.34398,1.33548,1.34103,131599.7344
10.06.2018 00:00:00.000,1.34192,1.34193,1.34054,1.34141,2631.5801
11.06.2018 00:00:00.000,1.34141,1.34419,1.33451,1.33718,112811.2891
12.06.2018 00:00:00.000,1.33721,1.34252,1.33426,1.33745,145679.0781
13.06.2018 00:00:00.000,1.33743,1.33901,1.33088,1.33820,139794.8125
14.06.2018 00:00:00.000,1.33820,1.34471,1.32540,1.32554,175742.9375
15.06.2018 00:00:00.000,1.32554,1.32988,1.32119,1.32879,143568.2344
17.06.2018 00:00:00.000,1.32693,1.32857,1.32693,1.32763,10324.3398
18.06.2018 00:00:00.000,1.32764,1.32764,1.32264,1.32587,118757.0391
19.06.2018 00:00:00.000,1.32586,1.32735,1.31512,1.31737,168070.1719
20.06.2018 00:00:00.000,1.31737,1.32175,1.31467,1.31727,154127.1875
21.06.2018 00:00:00.000,1.31729,1.32701,1.31026,1.32454,206179.9844
22.06.2018 00:00:00.000,1.32456,1.33153,1.32456,1.32712,158858.4531
24.06.2018 00:00:00.000,1.32614,1.32753,1.32489,1.32621,8384.6797
25.06.2018 00:00:00.000,1.32622,1.32913,1.32219,1.32784,152852.9844
26.06.2018 00:00:00.000,1.32785,1.32925,1.31928,1.32212,185055.7813
27.06.2018 00:00:00.000,1.32211,1.32343,1.31071,1.31202,224151.2813
28.06.2018 00:00:00.000,1.31203,1.31209,1.30502,1.30757,199152.5625
29.06.2018 00:00:00.000,1.30752,1.32172,1.30694,1.32172,190766.9375
01.07.2018 00:00:00.000,1.31952,1.32148,1.31923,1.32086,9064.71
02.07.2018 00:00:00.000,1.32083,1.32083,1.30957,1.31429,158863.6719
03.07.2018 00:00:00.000,1.31421,1.32072,1.31154,1.31947,175159.8281
04.07.2018 00:00:00.000,1.31947,1.32507,1.31715,1.32285,155038.2031
05.07.2018 00:00:00.000,1.32284,1.32752,1.32048,1.32223,181709.2656
06.07.2018 00:00:00.000,1.32224,1.32910,1.32040,1.32883,146472.7344
08.07.2018 00:00:00.000,1.33245,1.33246,1.32866,1.32956,12347.4297
09.07.2018 00:00:00.000,1.32957,1.33634,1.31908,1.32545,188368.3438
10.07.2018 00:00:00.000,1.32545,1.33021,1.32240,1.32586,164228.7031
11.07.2018 00:00:00.000,1.32585,1.32860,1.32003,1.32068,191008.5313
12.07.2018 00:00:00.000,1.32068,1.32454,1.31705,1.31792,161959.0781
13.07.2018 00:00:00.000,1.31793,1.32405,1.31033,1.32379,154858.5156
15.07.2018 00:00:00.000,1.32336,1.32354,1.32253,1.32277,3361.3601
16.07.2018 00:00:00.000,1.32277,1.32932,1.32175,1.32366,141475.0625
17.07.2018 00:00:00.000,1.32366,1.32693,1.30699,1.31057,177417.1875
18.07.2018 00:00:00.000,1.31060,1.31176,1.30104,1.30781,177029.3438
19.07.2018 00:00:00.000,1.30781,1.30837,1.29579,1.30236,188960.8438
20.07.2018 00:00:00.000,1.30234,1.31406,1.29958,1.31352,175170.875
22.07.2018 00:00:00.000,1.31333,1.31485,1.31232,1.31464,6035.8398
23.07.2018 00:00:00.000,1.31463,1.31589,1.30831,1.31034,139882.8281
24.07.2018 00:00:00.000,1.31034,1.31600,1.30720,1.31497,150987.4063
25.07.2018 00:00:00.000,1.31499,1.32020,1.31335,1.31996,158808.4531
26.07.2018 00:00:00.000,1.31999,1.32138,1.31035,1.31091,153820.3125
27.07.2018 00:00:00.000,1.31091,1.31315,1.30830,1.31053,119839.5234
29.07.2018 00:00:00.000,1.31255,1.31269,1.31043,1.31109,10376.29
30.07.2018 00:00:00.000,1.31107,1.31525,1.30978,1.31365,108015.6563
31.07.2018 00:00:00.000,1.31361,1.31733,1.30902,1.31195,150117.6563
01.08.2018 00:00:00.000,1.31193,1.31448,1.30955,1.31253,133106.5625
02.08.2018 00:00:00.000,1.31252,1.31277,1.30144,1.30170,147068.1406
03.08.2018 00:00:00.000,1.30171,1.30438,1.29760,1.30048,135004.1563
05.08.2018 00:00:00.000,1.30252,1.30252,1.30007,1.30024,3794.0901
06.08.2018 00:00:00.000,1.30025,1.30057,1.29204,1.29442,98715.3281
07.08.2018 00:00:00.000,1.29435,1.29742,1.29245,1.29460,108167.2188
08.08.2018 00:00:00.000,1.29460,1.29605,1.28543,1.28780,151158.5469
09.08.2018 00:00:00.000,1.28780,1.29123,1.28190,1.28289,141608.9219
10.08.2018 00:00:00.000,1.28290,1.28374,1.27237,1.27766,200135.4844
12.08.2018 00:00:00.000,1.27557,1.27801,1.27488,1.27601,7839.8501
13.08.2018 00:00:00.000,1.27606,1.27919,1.27307,1.27598,157563.0781
14.08.2018 00:00:00.000,1.27596,1.28283,1.27051,1.27185,155352.6875
15.08.2018 00:00:00.000,1.27185,1.27358,1.26623,1.26933,147448.9063
16.08.2018 00:00:00.000,1.26935,1.27545,1.26863,1.27127,146867.1094
17.08.2018 00:00:00.000,1.27127,1.27543,1.26984,1.27526,131895.6875
19.08.2018 00:00:00.000,1.27523,1.27534,1.27452,1.27470,4069.0901
20.08.2018 00:00:00.000,1.27470,1.28051,1.27301,1.28047,110712.6328
21.08.2018 00:00:00.000,1.28047,1.29252,1.27994,1.29059,155367.0625
22.08.2018 00:00:00.000,1.29059,1.29367,1.28691,1.29060,131239.1875
23.08.2018 00:00:00.000,1.29053,1.29101,1.28034,1.28100,129720.6406
24.08.2018 00:00:00.000,1.28096,1.28815,1.27999,1.28527,126505.3125
26.08.2018 00:00:00.000,1.28475,1.28658,1.28396,1.28585,7107.2798
27.08.2018 00:00:00.000,1.28587,1.29016,1.28295,1.28980,121267.6797
28.08.2018 00:00:00.000,1.28982,1.29322,1.28620,1.28698,127608.8203
29.08.2018 00:00:00.000,1.28697,1.30368,1.28459,1.30360,163064.75
30.08.2018 00:00:00.000,1.30360,1.30438,1.29856,1.30116,143658.4844
31.08.2018 00:00:00.000,1.30117,1.30293,1.29457,1.29652,136120.1563
02.09.2018 00:00:00.000,1.29236,1.29320,1.29171,1.29220,5825.02
03.09.2018 00:00:00.000,1.29221,1.29343,1.28554,1.28690,131546.7031
04.09.2018 00:00:00.000,1.28690,1.28717,1.28109,1.28584,150003.9844
05.09.2018 00:00:00.000,1.28586,1.29833,1.27862,1.29150,162232.0469
06.09.2018 00:00:00.000,1.29149,1.29628,1.28968,1.29253,142795.4375
07.09.2018 00:00:00.000,1.29254,1.30286,1.29087,1.29256,148385.1094
09.09.2018 00:00:00.000,1.29299,1.29327,1.29169,1.29295,4125.6602
10.09.2018 00:00:00.000,1.29295,1.30523,1.28974,1.30277,130941.8438
11.09.2018 00:00:00.000,1.30277,1.30881,1.29655,1.30166,139455.3438
12.09.2018 00:00:00.000,1.30163,1.30835,1.29798,1.30450,146166.8906
13.09.2018 00:00:00.000,1.30450,1.31240,1.30267,1.31109,142985.2344
14.09.2018 00:00:00.000,1.31109,1.31441,1.30572,1.30726,133367.8906
16.09.2018 00:00:00.000,1.30767,1.30798,1.30708,1.30716,3152.3101
17.09.2018 00:00:00.000,1.30716,1.31654,1.30707,1.31461,139162.1875
18.09.2018 00:00:00.000,1.31461,1.31757,1.31190,1.31670,149025.9063
19.09.2018 00:00:00.000,1.31672,1.32156,1.30992,1.31412,164099.1875
20.09.2018 00:00:00.000,1.31412,1.32988,1.31393,1.32702,158689.5938
21.09.2018 00:00:00.000,1.32701,1.32771,1.30567,1.30774,163736.4063
23.09.2018 00:00:00.000,1.30893,1.30893,1.30715,1.30803,4288.3599
24.09.2018 00:00:00.000,1.30801,1.31672,1.30632,1.31166,136230.1563
25.09.2018 00:00:00.000,1.31166,1.31942,1.30953,1.31804,136760.4531
26.09.2018 00:00:00.000,1.31804,1.32183,1.31388,1.31710,146356.5156
27.09.2018 00:00:00.000,1.31709,1.31787,1.30735,1.30768,142270.1406
28.09.2018 00:00:00.000,1.30769,1.30907,1.30009,1.30313,121695.1797
30.09.2018 00:00:00.000,1.30470,1.30491,1.30309,1.30387,3398.3501
01.10.2018 00:00:00.000,1.30387,1.31167,1.30125,1.30438,135975.3438
02.10.2018 00:00:00.000,1.30439,1.30491,1.29415,1.29798,148528.0938
03.10.2018 00:00:00.000,1.29799,1.30233,1.29248,1.29409,181185.75
04.10.2018 00:00:00.000,1.29408,1.30419,1.29224,1.30230,169291.9531
05.10.2018 00:00:00.000,1.30232,1.31237,1.30040,1.31199,146539.3125
07.10.2018 00:00:00.000,1.31314,1.31328,1.31172,1.31272,11871.5498
08.10.2018 00:00:00.000,1.31272,1.31333,1.30287,1.30933,137304.0156
09.10.2018 00:00:00.000,1.30933,1.31587,1.30335,1.31574,170449.3281
10.10.2018 00:00:00.000,1.31571,1.32163,1.31368,1.32052,160606.875
11.10.2018 00:00:00.000,1.32052,1.32485,1.31825,1.32342,215722.375
12.10.2018 00:00:00.000,1.32340,1.32583,1.31471,1.31551,175964.4531
14.10.2018 00:00:00.000,1.30896,1.31151,1.30880,1.31033,10478.9902
15.10.2018 00:00:00.000,1.31033,1.31822,1.31021,1.31548,162550.0781
16.10.2018 00:00:00.000,1.31548,1.32368,1.31413,1.31882,153409.6563
17.10.2018 00:00:00.000,1.31882,1.31931,1.30926,1.31017,148946.4063
18.10.2018 00:00:00.000,1.31016,1.31318,1.30167,1.30190,147658.7344
19.10.2018 00:00:00.000,1.30190,1.31048,1.30117,1.30689,141787.0469
21.10.2018 00:00:00.000,1.30787,1.30830,1.30630,1.30670,6269.7202
22.10.2018 00:00:00.000,1.30671,1.30904,1.29568,1.29658,151754.8281
23.10.2018 00:00:00.000,1.29658,1.30448,1.29376,1.29802,164473.9219
24.10.2018 00:00:00.000,1.29802,1.29910,1.28676,1.28846,178869.2031
25.10.2018 00:00:00.000,1.28847,1.29196,1.27981,1.28212,169784.2656
26.10.2018 00:00:00.000,1.28214,1.28420,1.27776,1.28346,184970.7188
28.10.2018 00:00:00.000,1.28280,1.28358,1.28261,1.28313,3254.28
29.10.2018 00:00:00.000,1.28313,1.28533,1.27927,1.28025,158566.4063
30.10.2018 00:00:00.000,1.28026,1.28132,1.26964,1.27082,144003.8438
31.10.2018 00:00:00.000,1.27081,1.28312,1.27014,1.27682,150279.9375
01.11.2018 00:00:00.000,1.27681,1.30361,1.27656,1.30034,171750.5625
02.11.2018 00:00:00.000,1.30034,1.30415,1.29520,1.29676,147860
04.11.2018 00:00:00.000,1.30256,1.30259,1.30009,1.30065,7181.8799
05.11.2018 00:00:00.000,1.30065,1.30705,1.29651,1.30580,135546.1094
06.11.2018 00:00:00.000,1.30582,1.31149,1.30215,1.31143,143750.4844
07.11.2018 00:00:00.000,1.31143,1.31752,1.30746,1.31275,186021.5
08.11.2018 00:00:00.000,1.31276,1.31504,1.30457,1.30666,157747.4219
09.11.2018 00:00:00.000,1.30665,1.30691,1.29588,1.29779,148128.0625
11.11.2018 00:00:00.000,1.29201,1.29395,1.29201,1.29388,8572.75
12.11.2018 00:00:00.000,1.29390,1.29475,1.28279,1.28553,172440.9844
13.11.2018 00:00:00.000,1.28554,1.30482,1.28523,1.30154,184625.2656
14.11.2018 00:00:00.000,1.30154,1.30735,1.28829,1.29849,212646.0938
15.11.2018 00:00:00.000,1.29849,1.30309,1.27250,1.27664,240665.7969
16.11.2018 00:00:00.000,1.27663,1.28781,1.27654,1.28393,178225.0469
18.11.2018 00:00:00.000,1.28484,1.28519,1.28291,1.28349,6969.5801
19.11.2018 00:00:00.000,1.28349,1.28847,1.27953,1.28567,159904.4375
20.11.2018 00:00:00.000,1.28570,1.28836,1.27772,1.27881,162498.9375
21.11.2018 00:00:00.000,1.27882,1.28203,1.27648,1.27776,140427.6406
22.11.2018 00:00:00.000,1.27776,1.29282,1.27724,1.28775,125073.7109
23.11.2018 00:00:00.000,1.28775,1.28833,1.27994,1.28254,125212.7734
25.11.2018 00:00:00.000,1.28300,1.28345,1.28122,1.28143,5063.7798
26.11.2018 00:00:00.000,1.28143,1.28646,1.27964,1.28136,145217.4375
27.11.2018 00:00:00.000,1.28136,1.28202,1.27257,1.27428,189997.2969
28.11.2018 00:00:00.000,1.27428,1.28479,1.27330,1.28230,174184.8438
29.11.2018 00:00:00.000,1.28230,1.28502,1.27556,1.27862,165518.5625
30.11.2018 00:00:00.000,1.27858,1.28102,1.27357,1.27576,158272.9531
02.12.2018 00:00:00.000,1.27690,1.27727,1.27353,1.27527,8756.4004
03.12.2018 00:00:00.000,1.27526,1.28251,1.26995,1.27258,150573.875
04.12.2018 00:00:00.000,1.27258,1.28404,1.26594,1.27198,182284.125
05.12.2018 00:00:00.000,1.27192,1.27988,1.26727,1.27256,152711.3125
06.12.2018 00:00:00.000,1.27255,1.28126,1.26998,1.27810,184815.9063
07.12.2018 00:00:00.000,1.27807,1.27908,1.27105,1.27382,144445.0938
09.12.2018 00:00:00.000,1.27066,1.27274,1.27064,1.27200,8817.71
10.12.2018 00:00:00.000,1.27198,1.27610,1.25077,1.25607,181922.9531
11.12.2018 00:00:00.000,1.25606,1.26398,1.24803,1.24930,186281.5625
12.12.2018 00:00:00.000,1.24930,1.26726,1.24777,1.26248,197274.5469
13.12.2018 00:00:00.000,1.26249,1.26873,1.26109,1.26544,150173.9375
14.12.2018 00:00:00.000,1.26544,1.26546,1.25300,1.25887,148323.4063
16.12.2018 00:00:00.000,1.26047,1.26077,1.25796,1.25852,10344.4297
17.12.2018 00:00:00.000,1.25854,1.26477,1.25750,1.26155,162727.5156
18.12.2018 00:00:00.000,1.26155,1.27063,1.26110,1.26551,167398.8594
19.12.2018 00:00:00.000,1.26552,1.26798,1.26075,1.26267,269334.1563
20.12.2018 00:00:00.000,1.26267,1.27077,1.26140,1.26705,313970.9375
21.12.2018 00:00:00.000,1.26705,1.26983,1.26185,1.26394,286960.875
23.12.2018 00:00:00.000,1.26503,1.26552,1.26417,1.26513,6523.8701
24.12.2018 00:00:00.000,1.26509,1.27457,1.26354,1.27190,218795.875
25.12.2018 00:00:00.000,1.27191,1.27193,1.26671,1.26883,14901.1797
26.12.2018 00:00:00.000,1.26882,1.27199,1.26305,1.26482,136013.9063
27.12.2018 00:00:00.000,1.26489,1.26757,1.26165,1.26454,328876.5313
28.12.2018 00:00:00.000,1.26455,1.27085,1.26359,1.27034,185008.6875
30.12.2018 00:00:00.000,1.27047,1.27090,1.26892,1.26908,6157.25
31.12.2018 00:00:00.000,1.26908,1.28155,1.26812,1.27652,171330.4844
01.01.2019 00:00:00.000,1.27591,1.27652,1.27414,1.27543,5101.43
02.01.2019 00:00:00.000,1.27541,1.27739,1.24430,1.25171,246193.00979999997
03.01.2019 00:00:00.000,1.25175,1.26483,1.25157,1.26282,269250.92
04.01.2019 00:00:00.000,1.26282,1.27453,1.26167,1.27306,248461.57079999996
06.01.2019 00:00:00.000,1.27333,1.27411,1.27210,1.27331,7061.709999999999
07.01.2019 00:00:00.000,1.27330,1.27904,1.27211,1.27860,196269.37170000002
08.01.2019 00:00:00.000,1.27859,1.27983,1.27075,1.27398,207554.98080000002
09.01.2019 00:00:00.000,1.27395,1.28042,1.27163,1.27997,256389.56600000002
10.01.2019 00:00:00.000,1.27998,1.28021,1.27285,1.27540,238003.5991
11.01.2019 00:00:00.000,1.27540,1.28665,1.27104,1.28437,237424.93280000007
13.01.2019 00:00:00.000,1.28572,1.28666,1.28437,1.28489,6044.0699
14.01.2019 00:00:00.000,1.28487,1.29313,1.28191,1.28759,227269.46009999994
15.01.2019 00:00:00.000,1.28757,1.29163,1.26707,1.28721,269360.4912
16.01.2019 00:00:00.000,1.28721,1.28981,1.28255,1.28888,220923.5924
17.01.2019 00:00:00.000,1.28885,1.30016,1.28329,1.29835,215402.63060000003
18.01.2019 00:00:00.000,1.29835,1.29939,1.28577,1.28790,199478.8206
20.01.2019 00:00:00.000,1.28826,1.28882,1.28484,1.28525,4385.17
21.01.2019 00:00:00.000,1.28527,1.29115,1.28310,1.28911,168466.77060000002
22.01.2019 00:00:00.000,1.28913,1.29759,1.28555,1.29567,209263.54079999996
23.01.2019 00:00:00.000,1.29567,1.30825,1.29429,1.30824,236096.17820000005
24.01.2019 00:00:00.000,1.30824,1.31292,1.30128,1.31208,239519.19019999998
25.01.2019 00:00:00.000,1.31208,1.32183,1.30626,1.32044,235876.2194
27.01.2019 00:00:00.000,1.31903,1.32128,1.31877,1.32083,6538.8201
28.01.2019 00:00:00.000,1.32083,1.32099,1.31376,1.31606,208876.59859999997
29.01.2019 00:00:00.000,1.31609,1.32003,1.30571,1.30802,272206.6192
30.01.2019 00:00:00.000,1.30801,1.31462,1.30548,1.31169,243784.18920000002
31.01.2019 00:00:00.000,1.31170,1.31604,1.30981,1.31094,231789.8909
01.02.2019 00:00:00.000,1.31091,1.31155,1.30436,1.30839,212307.6199
03.02.2019 00:00:00.000,1.30725,1.30854,1.30682,1.30777,10825.4594
04.02.2019 00:00:00.000,1.30776,1.31041,1.30269,1.30275,212585.36000000002
05.02.2019 00:00:00.000,1.30277,1.30536,1.29252,1.29576,192964.0197
06.02.2019 00:00:00.000,1.29579,1.29797,1.29255,1.29343,205154.90140000003
07.02.2019 00:00:00.000,1.29341,1.29970,1.28547,1.29494,215192.2276
08.02.2019 00:00:00.000,1.29494,1.29765,1.29221,1.29449,170179.47
10.02.2019 00:00:00.000,1.29424,1.29449,1.29298,1.29374,4729.96
11.02.2019 00:00:00.000,1.29372,1.29395,1.28455,1.28644,214521.7101
12.02.2019 00:00:00.000,1.28644,1.29100,1.28332,1.28911,201366.97929999998
13.02.2019 00:00:00.000,1.28911,1.29592,1.28447,1.28552,217011.22249999997
14.02.2019 00:00:00.000,1.28552,1.28786,1.27734,1.27988,624973.4704
15.02.2019 00:00:00.000,1.27988,1.28988,1.27851,1.28902,210467.08990000005
17.02.2019 00:00:00.000,1.29175,1.29181,1.28902,1.29050,6016.8902
18.02.2019 00:00:00.000,1.29048,1.29391,1.28922,1.29232,243527.16969999997
19.02.2019 00:00:00.000,1.29232,1.30735,1.28964,1.30602,218388.2003
20.02.2019 00:00:00.000,1.30604,1.31101,1.30126,1.30446,225815.84859999997
21.02.2019 00:00:00.000,1.30446,1.30957,1.30267,1.30411,250041.92669999995
22.02.2019 00:00:00.000,1.30411,1.30806,1.29684,1.30587,205914.7822
24.02.2019 00:00:00.000,1.30765,1.30775,1.30575,1.30655,9212.2298
25.02.2019 00:00:00.000,1.30655,1.31505,1.30515,1.31271,266613.3596
26.02.2019 00:00:00.000,1.31271,1.32887,1.31228,1.32596,294858.4480000001
27.02.2019 00:00:00.000,1.32597,1.33505,1.32336,1.33183,290304.4694
28.02.2019 00:00:00.000,1.33183,1.33200,1.32541,1.32648,246835.78130000003
01.03.2019 00:00:00.000,1.32647,1.32869,1.31724,1.32102,226089.79830000002
03.03.2019 00:00:00.000,1.32533,1.32567,1.32102,1.32380,11916.1604
04.03.2019 00:00:00.000,1.32380,1.32549,1.31668,1.31787,213223.30800000005
05.03.2019 00:00:00.000,1.31787,1.31992,1.30983,1.31563,224035.50059999994
06.03.2019 00:00:00.000,1.31563,1.31842,1.31249,1.31809,201428.5298
07.03.2019 00:00:00.000,1.31810,1.31855,1.30689,1.30911,235509.7906
08.03.2019 00:00:00.000,1.30910,1.31090,1.29903,1.30194,569925.171
10.03.2019 00:00:00.000,1.29775,1.30194,1.29695,1.29856,7340.1199
11.03.2019 00:00:00.000,1.29856,1.32911,1.29610,1.32461,273606.6833
12.03.2019 00:00:00.000,1.32462,1.32468,1.30059,1.30647,259478.0006
13.03.2019 00:00:00.000,1.30647,1.33834,1.30637,1.32877,252387.7307
14.03.2019 00:00:00.000,1.32877,1.33318,1.32083,1.32577,268548.20080000005
15.03.2019 00:00:00.000,1.32576,1.33006,1.32035,1.32980,209538.8431
17.03.2019 00:00:00.000,1.32991,1.33008,1.32901,1.32970,4507.2
18.03.2019 00:00:00.000,1.32966,1.33004,1.31852,1.32652,209712.91090000002
19.03.2019 00:00:00.000,1.32653,1.33118,1.32416,1.32702,201551.17889999997
20.03.2019 00:00:00.000,1.32702,1.32703,1.31470,1.32052,281673.3180999999
21.03.2019 00:00:00.000,1.32052,1.32277,1.30048,1.31304,257331.2707
22.03.2019 00:00:00.000,1.31304,1.32240,1.30818,1.32134,249540.5936
24.03.2019 00:00:00.000,1.32195,1.32197,1.32009,1.32066,4948.65
25.03.2019 00:00:00.000,1.32065,1.32470,1.31603,1.32130,232525.5606
26.03.2019 00:00:00.000,1.32129,1.32621,1.31582,1.32105,217957.30780000004
27.03.2019 00:00:00.000,1.32107,1.32698,1.31432,1.31527,275190.66849999997
28.03.2019 00:00:00.000,1.31526,1.31993,1.30353,1.30543,264560.02919999993
29.03.2019 00:00:00.000,1.30543,1.31369,1.29784,1.30381,222933.8687
31.03.2019 00:00:00.000,1.30446,1.30486,1.30177,1.30221,4660.91
01.04.2019 00:00:00.000,1.30218,1.31501,1.30102,1.30684,231620.4294
02.04.2019 00:00:00.000,1.30684,1.31503,1.30141,1.31275,259227.34
03.04.2019 00:00:00.000,1.31275,1.31968,1.31216,1.31770,225583.34960000002
04.04.2019 00:00:00.000,1.31770,1.31918,1.30607,1.30741,225833.38999999998
05.04.2019 00:00:00.000,1.30741,1.31234,1.29878,1.30394,180241.1399
07.04.2019 00:00:00.000,1.30453,1.30474,1.30313,1.30392,7514.6101
08.04.2019 00:00:00.000,1.30392,1.30750,1.30344,1.30619,196097.8384
09.04.2019 00:00:00.000,1.30618,1.31223,1.30314,1.30560,194164.4411
10.04.2019 00:00:00.000,1.30560,1.31206,1.30487,1.30983,194488.83039999998
11.04.2019 00:00:00.000,1.30984,1.31096,1.30509,1.30558,173805.40999999997
12.04.2019 00:00:00.000,1.30557,1.31333,1.30513,1.30758,148172.5213
14.04.2019 00:00:00.000,1.30864,1.31022,1.30706,1.30836,4590.110000000001
15.04.2019 00:00:00.000,1.30837,1.31196,1.30796,1.30999,133966.50109999996
16.04.2019 00:00:00.000,1.30999,1.31016,1.30401,1.30448,148825.2587
17.04.2019 00:00:00.000,1.30448,1.30679,1.30295,1.30386,143113.31139999998
18.04.2019 00:00:00.000,1.30387,1.30531,1.29798,1.29936,194361.65879999998
19.04.2019 00:00:00.000,1.29934,1.30120,1.29852,1.30016,286384.3703
21.04.2019 00:00:00.000,1.30038,1.30043,1.29868,1.29931,4186.2899
22.04.2019 00:00:00.000,1.29930,1.29985,1.29758,1.29820,68983.65069999998
23.04.2019 00:00:00.000,1.29820,1.30198,1.29286,1.29380,153130.8091
24.04.2019 00:00:00.000,1.29383,1.29643,1.28884,1.29041,172181.4297
25.04.2019 00:00:00.000,1.29041,1.29172,1.28662,1.28948,162902.2702
26.04.2019 00:00:00.000,1.28949,1.29442,1.28766,1.29220,146435.81
28.04.2019 00:00:00.000,1.29339,1.29349,1.29184,1.29199,3656.09
29.04.2019 00:00:00.000,1.29196,1.29476,1.29056,1.29327,124623.80130000002
30.04.2019 00:00:00.000,1.29327,1.30494,1.29271,1.30405,158776.73930000004
01.05.2019 00:00:00.000,1.30400,1.31032,1.30341,1.30538,126185.31919999998
02.05.2019 00:00:00.000,1.30537,1.30824,1.30183,1.30325,177118.6799
03.05.2019 00:00:00.000,1.30325,1.31806,1.29902,1.31806,148258.3513
05.05.2019 00:00:00.000,1.31513,1.31806,1.31453,1.31514,8392.8901
06.05.2019 00:00:00.000,1.31514,1.31519,1.30819,1.30980,138090.8808
07.05.2019 00:00:00.000,1.30980,1.31327,1.30400,1.30682,140479.49880000003
08.05.2019 00:00:00.000,1.30679,1.30809,1.29875,1.30083,158742.00079999998
09.05.2019 00:00:00.000,1.30083,1.30367,1.29678,1.30094,148879.8107
10.05.2019 00:00:00.000,1.30097,1.30480,1.29919,1.30018,137142.55909999995
12.05.2019 00:00:00.000,1.30073,1.30125,1.30012,1.30085,5886.769899999999
13.05.2019 00:00:00.000,1.30085,1.30413,1.29417,1.29642,129986.6093
14.05.2019 00:00:00.000,1.29641,1.29713,1.29043,1.29070,119362.94089999999
15.05.2019 00:00:00.000,1.29070,1.29235,1.28270,1.28475,122586.47170000001
16.05.2019 00:00:00.000,1.28475,1.28524,1.27879,1.27972,109470.19909999997
17.05.2019 00:00:00.000,1.27973,1.27978,1.27152,1.27199,124234.9809
19.05.2019 00:00:00.000,1.27416,1.27438,1.27199,1.27311,3884.7999
20.05.2019 00:00:00.000,1.27309,1.27578,1.27149,1.27282,97521.29909999999
21.05.2019 00:00:00.000,1.27282,1.28144,1.26856,1.27075,145136.9084
22.05.2019 00:00:00.000,1.27077,1.27200,1.26246,1.26640,131071.6187
23.05.2019 00:00:00.000,1.26640,1.26844,1.26056,1.26635,153044.89880000002
24.05.2019 00:00:00.000,1.26635,1.27332,1.26478,1.27148,129583.0195
26.05.2019 00:00:00.000,1.27317,1.27370,1.27148,1.27237,4218.5199
27.05.2019 00:00:00.000,1.27231,1.27485,1.26677,1.26815,141180.25780000002
28.05.2019 00:00:00.000,1.26810,1.27025,1.26514,1.26593,137459.279
29.05.2019 00:00:00.000,1.26592,1.26720,1.26119,1.26296,141529.361
30.05.2019 00:00:00.000,1.26296,1.26409,1.25811,1.26071,111481.48070000003
31.05.2019 00:00:00.000,1.26071,1.26451,1.25595,1.26344,144749.5901
02.06.2019 00:00:00.000,1.26351,1.26439,1.26307,1.26397,4486.0601
03.06.2019 00:00:00.000,1.26396,1.26747,1.26108,1.26642,144163.46930000003
04.06.2019 00:00:00.000,1.26640,1.27148,1.26427,1.27038,152829.6402
05.06.2019 00:00:00.000,1.27039,1.27443,1.26812,1.26883,153277.85920000004
06.06.2019 00:00:00.000,1.26886,1.27426,1.26694,1.26953,190531.19739999998
07.06.2019 00:00:00.000,1.26953,1.27634,1.26892,1.27400,145416.02080000003
09.06.2019 00:00:00.000,1.27584,1.27606,1.27211,1.27227,5878.610000000001
10.06.2019 00:00:00.000,1.27230,1.27280,1.26535,1.26913,129845.83020000001
11.06.2019 00:00:00.000,1.26914,1.27328,1.26705,1.27250,177059.5005
12.06.2019 00:00:00.000,1.27250,1.27592,1.26821,1.26933,172394.3192
13.06.2019 00:00:00.000,1.26934,1.27086,1.26628,1.26799,154630.71019999997
14.06.2019 00:00:00.000,1.26795,1.26828,1.25803,1.25915,172398.3122
16.06.2019 00:00:00.000,1.25855,1.26108,1.25802,1.25945,4651.339900000001
17.06.2019 00:00:00.000,1.25945,1.26060,1.25312,1.25419,123984.52080000003
18.06.2019 00:00:00.000,1.25418,1.25697,1.25067,1.25666,191811.0982
19.06.2019 00:00:00.000,1.25668,1.26747,1.25432,1.26538,166370.92909999998
20.06.2019 00:00:00.000,1.26538,1.27281,1.26529,1.27080,201264.9086
21.06.2019 00:00:00.000,1.27080,1.27495,1.26428,1.27494,203597.952
23.06.2019 00:00:00.000,1.27325,1.27524,1.27324,1.27523,4826.8
24.06.2019 00:00:00.000,1.27522,1.27673,1.27086,1.27393,139250.85179999995
25.06.2019 00:00:00.000,1.27394,1.27842,1.26724,1.26910,169780.68830000007
26.06.2019 00:00:00.000,1.26907,1.27079,1.26631,1.26957,197106.31049999996
27.06.2019 00:00:00.000,1.26957,1.27252,1.26623,1.26742,189007.2808
28.06.2019 00:00:00.000,1.26743,1.27353,1.26657,1.27022,155218.94950000005
30.06.2019 00:00:00.000,1.27064,1.27064,1.26914,1.26941,6565.1299
01.07.2019 00:00:00.000,1.26938,1.27061,1.26325,1.26450,151461.28110000005
02.07.2019 00:00:00.000,1.26451,1.26466,1.25847,1.25983,139605.91030000002
03.07.2019 00:00:00.000,1.25983,1.26010,1.25576,1.25833,135681.98039999997
04.07.2019 00:00:00.000,1.25834,1.25916,1.25690,1.25834,102891.4408
05.07.2019 00:00:00.000,1.25834,1.25882,1.24818,1.25338,142445.13009999998
07.07.2019 00:00:00.000,1.25305,1.25338,1.25238,1.25250,3370.73
08.07.2019 00:00:00.000,1.25251,1.25404,1.25003,1.25162,111623.37970000002
09.07.2019 00:00:00.000,1.25158,1.25189,1.24399,1.24583,125868.3406
10.07.2019 00:00:00.000,1.24583,1.25215,1.24443,1.25070,156992.9899
11.07.2019 00:00:00.000,1.25069,1.25719,1.25061,1.25215,169016.3203
12.07.2019 00:00:00.000,1.25217,1.25806,1.25208,1.25805,150417.6188
14.07.2019 00:00:00.000,1.25790,1.25805,1.25605,1.25717,6792.5599999999995
15.07.2019 00:00:00.000,1.25718,1.25768,1.25106,1.25169,98226.99039999998
16.07.2019 00:00:00.000,1.25169,1.25202,1.23968,1.24104,158507.52920000002
17.07.2019 00:00:00.000,1.24106,1.24571,1.23824,1.24346,136144.71909999996
18.07.2019 00:00:00.000,1.24346,1.25591,1.24287,1.25436,159840.43099999998
19.07.2019 00:00:00.000,1.25435,1.25555,1.24766,1.25117,108256.62979999998
21.07.2019 00:00:00.000,1.25064,1.25238,1.24943,1.25122,5228.8601
22.07.2019 00:00:00.000,1.25121,1.25142,1.24562,1.24731,100163.07010000001
23.07.2019 00:00:00.000,1.24732,1.24824,1.24183,1.24380,125084.93980000001
24.07.2019 00:00:00.000,1.24379,1.25230,1.24272,1.24862,122696.79970000002
25.07.2019 00:00:00.000,1.24860,1.25188,1.24377,1.24536,163873.66150000002
26.07.2019 00:00:00.000,1.24535,1.24605,1.23767,1.23844,122143.2781
28.07.2019 00:00:00.000,1.23774,1.23859,1.23759,1.23760,2550.4899
29.07.2019 00:00:00.000,1.23761,1.23818,1.22129,1.22175,144062.83029999997
30.07.2019 00:00:00.000,1.22176,1.22226,1.21199,1.21584,220270.2797
31.07.2019 00:00:00.000,1.21584,1.22502,1.21344,1.21540,226997.76050000003
01.08.2019 00:00:00.000,1.21541,1.21720,1.20798,1.21245,247022.19079999998
02.08.2019 00:00:00.000,1.21244,1.21702,1.20911,1.21696,249414.68089999998
04.08.2019 00:00:00.000,1.21611,1.21696,1.21467,1.21510,7107.9198
05.08.2019 00:00:00.000,1.21508,1.21889,1.21024,1.21576,224493.3912
06.08.2019 00:00:00.000,1.21572,1.22102,1.21378,1.21712,224322.94129999998
07.08.2019 00:00:00.000,1.21713,1.21916,1.21218,1.21409,209412.1598
08.08.2019 00:00:00.000,1.21409,1.21831,1.20956,1.21435,182273.39010000002
09.08.2019 00:00:00.000,1.21434,1.21487,1.20250,1.20356,149697.44940000004
11.08.2019 00:00:00.000,1.20567,1.20639,1.20157,1.20206,16860.3399
12.08.2019 00:00:00.000,1.20207,1.21069,1.20181,1.20784,196497.2692
13.08.2019 00:00:00.000,1.20784,1.20984,1.20424,1.20637,262008.18040000004
14.08.2019 00:00:00.000,1.20637,1.21012,1.20457,1.20605,215911.98920000004
15.08.2019 00:00:00.000,1.20604,1.21515,1.20516,1.20918,224107.2085
16.08.2019 00:00:00.000,1.20919,1.21760,1.20824,1.21499,169339.35129999995
18.08.2019 00:00:00.000,1.21647,1.21743,1.21453,1.21595,4442.299999999999
19.08.2019 00:00:00.000,1.21593,1.21735,1.21053,1.21290,147928.43960000004
20.08.2019 00:00:00.000,1.21290,1.21811,1.20651,1.21626,170553.73960000003
21.08.2019 00:00:00.000,1.21626,1.21758,1.21126,1.21325,151590.5192
22.08.2019 00:00:00.000,1.21324,1.22737,1.21090,1.22518,193414.50190000003
23.08.2019 00:00:00.000,1.22517,1.22992,1.21948,1.22968,202248.93889999998
25.08.2019 00:00:00.000,1.22692,1.22968,1.22608,1.22613,13911.119999999999
26.08.2019 00:00:00.000,1.22616,1.22858,1.22081,1.22225,226183.87900000004
27.08.2019 00:00:00.000,1.22229,1.23103,1.22095,1.22812,186859.519
28.08.2019 00:00:00.000,1.22811,1.22881,1.21564,1.22186,207685.19789999997
29.08.2019 00:00:00.000,1.22186,1.22331,1.21730,1.21843,181978.85080000004
30.08.2019 00:00:00.000,1.21844,1.22265,1.21400,1.21679,170783.0801
01.09.2019 00:00:00.000,1.21577,1.21679,1.21483,1.21591,6153.109999999996
02.09.2019 00:00:00.000,1.21593,1.21753,1.20366,1.20653,159907.08999999944
03.09.2019 00:00:00.000,1.20656,1.21123,1.19590,1.20917,218791.86999999973
04.09.2019 00:00:00.000,1.20918,1.22615,1.20858,1.22471,201016.0799999996
05.09.2019 00:00:00.000,1.22471,1.23545,1.22110,1.23257,210075.56999999963
06.09.2019 00:00:00.000,1.23257,1.23443,1.22801,1.22927,174202.17999999976